codigo,descricao,preconormal,precooferta,inicio,fim,secao,familia,pai,camp,obs
10884,DESOD AERO DOVE POWER SOFT 89G,21.29,18.99,16/09,30/10,HIGIENE CORPORAL,1484,0,,
11245,DESOD AERO NIVEA INV BLA WH 50G,15.39,13.99,16/09,30/10,HIGIENE CORPORAL,1651,0,,
11246,DESOD AERO NIVEA DRY IMPACT 50G,15.39,13.99,16/09,30/10,HIGIENE CORPORAL,1651,0,,
11247,DESOD AERO NIVEA INV BLA WH PW 50G,15.39,13.99,16/09,30/10,HIGIENE CORPORAL,1651,0,,
11248,DESOD AERO NIVEA DRY CONF 50G,15.39,13.99,16/09,30/10,HIGIENE CORPORAL,1651,0,,
11598,SH SEDA CACHOS COMPORTADOS 325ML,16.49,12.99,17/09,17/10,CUIDADOS COM O CABELO,2475,1,,
11599,SH SEDA CRESCIMENTO 325ML,16.49,12.99,17/09,17/10,CUIDADOS COM O CABELO,2475,0,,
11602,SH SEDA ANTICASPA HID DIARIA 325ML,16.49,12.99,17/09,17/10,CUIDADOS COM O CABELO,2475,0,,
11603,SH SEDA KERAFORCE ORIGINAL 325ML,16.49,12.99,17/09,17/10,CUIDADOS COM O CABELO,2475,0,,
11607,SH SEDA PRETOS LUMINOSOS 325ML,16.49,12.99,17/09,17/10,CUIDADOS COM O CABELO,2475,0,,
11608,SH SEDA PUREZA REFRESCANTE 325ML,16.49,12.99,17/09,17/10,CUIDADOS COM O CABELO,2475,0,,
11609,COND SEDA CACHOS DEFINIDOS 325ML,17.59,13.99,17/09,17/10,CUIDADOS COM O CABELO,2477,1,,
11610,COND SEDA CRESCIMENTO 325ML,17.59,13.99,17/09,17/10,CUIDADOS COM O CABELO,2477,0,,
11611,COND SEDA ANTIQUEBRA 325ML,17.59,13.99,17/09,17/10,CUIDADOS COM O CABELO,2477,0,,
11612,COND SEDA HID ANTI NOS 325ML,17.59,13.99,17/09,17/10,CUIDADOS COM O CABELO,2477,0,,
11613,COND SEDA KERAFORCE ORIG 325ML,17.59,13.99,17/09,17/10,CUIDADOS COM O CABELO,2477,0,,
11615,COND SEDA LISO EXTREMO 325ML,17.59,13.99,17/09,17/10,CUIDADOS COM O CABELO,2477,0,,
11616,COND SEDA LISO PERFEITO 325ML,17.59,13.99,17/09,17/10,CUIDADOS COM O CABELO,2477,0,,
11617,COND SEDA OLEO HIDRATACAO 325ML,17.59,13.99,17/09,17/10,CUIDADOS COM O CABELO,2477,0,,
11618,COND SEDA PRETOS LUMINOSOS 325ML,17.59,13.99,17/09,17/10,CUIDADOS COM O CABELO,2477,0,,
11619,COND SEDA SOS CERAMIDAS 325ML,17.59,13.99,17/09,17/10,CUIDADOS COM O CABELO,2477,0,,
11620,COND SEDA SOS RESTAURACAO 325ML,17.59,13.99,17/09,17/10,CUIDADOS COM O CABELO,2477,0,,
11757,NEUTRALIZ SFERA PROF 500ML,20.49,16.99,21/09,22/09,CUIDADOS COM O CABELO,0,1,,
11883,ESM HITS DV FRAPE 8ML,8.99,7.99,10/09,10/10,HIGIENE CORPORAL,2492,1,,
11884,ESM HITS DV MERGULHO 8ML,8.99,7.99,10/09,10/10,HIGIENE CORPORAL,2492,0,,
11885,ESM HITS DV PISCINA 8ML,8.99,7.99,10/09,10/10,HIGIENE CORPORAL,2492,0,,
11886,ESM HITS DV SORVETE 8ML,8.99,7.99,10/09,10/10,HIGIENE CORPORAL,2492,0,,
11887,ESM HITS DV VIAGEM 8ML,8.99,7.99,10/09,10/10,HIGIENE CORPORAL,2492,0,,
11950,ESM HITS DV FERIAS 6ML,8.99,7.99,10/09,10/10,HIGIENE CORPORAL,2492,0,,
11951,ESM HITS DV CAIPIRINHA 6ML,8.99,7.99,10/09,10/10,HIGIENE CORPORAL,2492,0,,
11952,ESM HITS DV CALOR 6ML,8.99,7.99,10/09,10/10,HIGIENE CORPORAL,2492,0,,
11953,ESM HITS DV AGUA DE COCO 6ML,8.99,7.99,10/09,10/10,HIGIENE CORPORAL,2492,0,,
11986,SH SEDA FORCA E ANTIQUEBRA 325ML,16.49,12.99,17/09,17/10,CUIDADOS COM O CABELO,2475,0,,
11987,SH SEDA HID ANTI-NOS 325ML,16.49,12.99,17/09,17/10,CUIDADOS COM O CABELO,2475,0,,
12006,KIT NIELY OLEO DE COCO SH + COND,27.69,19.98,18/09,18/10,CUIDADOS COM O CABELO,1566,0,,
12097,SH SEDA RESTAURACAO 325ML,16.49,12.99,17/09,17/10,CUIDADOS COM O CABELO,2475,0,,
12098,SH SEDA LISO PERFEITO 325ML,16.49,12.99,17/09,17/10,CUIDADOS COM O CABELO,2475,0,,
12099,SH SEDA OLEO HIDRATACAO 325ML,16.49,12.99,17/09,17/10,CUIDADOS COM O CABELO,2475,0,,
12106,COND TRESEMME DETOX 400ML,33.49,19.99,25/08,30/09,CUIDADOS COM O CABELO,1878,0,,
12108,CR TRAT TRESEMME DETOX 400ML,34.29,19.99,25/08,30/09,CUIDADOS COM O CABELO,1687,0,,
12143,SH TRESEMME DETOX 400ML,33.39,19.99,25/08,30/09,CUIDADOS COM O CABELO,1593,0,,
12149,SH SEDA CERAMIDAS 325ML,16.49,12.99,17/09,17/10,CUIDADOS COM O CABELO,2475,0,,
12150,SH SEDA LISO EXTREMO 325ML,16.49,12.99,17/09,17/10,CUIDADOS COM O CABELO,2475,0,,
12807,TINT CR COLORE 7.44 L M ACOBREADO 125G,11.99,9.99,24/08,23/09,CUIDADOS COM O CABELO,1838,0,,
13071,ABS ALWAYS NOTURNO SECA L8P7,15.49,9.99,01/09,15/10,HIGIENE CORPORAL,4142,1,,
13337,ABS ALWAYS NOTURNO SUAVE C/16,27.39,19.98,01/09,15/10,HIGIENE CORPORAL,4141,1,,
13338,ABS ALWAYS NOTURNO SUAVE L8P7,15.49,9.99,01/09,15/10,HIGIENE CORPORAL,4142,0,,
13387,COND DOVE RECUPERACAO EXTREMA 200ML,26.99,9.99,12/08,30/09,CUIDADOS COM O CABELO,1480,0,,
13388,COND SEDA BRILHO E MOVIMENTO 325ML,17.59,13.99,17/09,17/10,CUIDADOS COM O CABELO,2477,0,,
13402,SH DOVE RECUPERACAO EXTREMA 200ML,22.69,9.99,12/08,30/09,CUIDADOS COM O CABELO,1475,1,,
13403,SH SEDA BRILHO E MOVIMENTO 325ML,16.49,12.99,17/09,17/10,CUIDADOS COM O CABELO,2475,0,,
13456,KIT NIELY CACHOS DEFINICAO PRONLOGADA SH + COND,27.69,19.98,18/09,18/10,CUIDADOS COM O CABELO,1566,0,,
13489,SAB PALMOLIVE NATURALS NUTRICAO E SUAVIDADE 85G,3.29,2.49,16/09,30/10,HIGIENE CORPORAL,1853,0,,
13675,SAB EVEN SUAVE BUQUE ROSAS 85G,2.69,1.99,24/08,23/09,HIGIENE CORPORAL,1285,0,,
13677,SAB EVEN SUAVE MANTEIGA KARITE 85G,2.69,1.99,24/08,23/09,HIGIENE CORPORAL,1285,0,,
13679,SAB EVEN SUAVE CAMPOS LAVANDA 85G,2.69,1.99,24/08,23/09,HIGIENE CORPORAL,1285,0,,
13894,COND PALMOLIVE NATURALS OLEO SURPREENDENTE CAMELIA 350ML,12.89,7.90,09/09,30/09,CUIDADOS COM O CABELO,1401,0,,
13920,SAB PALMOLIVE NATURALS OLEO NUTRITIVO 85G,3.29,2.49,16/09,30/10,HIGIENE CORPORAL,1853,0,,
13923,SH PALMOLIVE NATURALS OLEO SURPREENDENTE CAMELIA 350ML,12.39,7.90,09/09,30/09,CUIDADOS COM O CABELO,1260,0,,
14109,BTX HAIR FLY TANOX 200G,29.99,24.99,24/08,23/09,CUIDADOS COM O CABELO,2610,0,,
14111,BTX HAIR FLY TANOX BLOND 200G,29.99,24.99,24/08,23/09,CUIDADOS COM O CABELO,2610,0,,
14197,ABS ALWAYS ACTIVE NOTURNO SECA C/32,45.99,29.98,01/09,15/10,HIGIENE CORPORAL,3650,0,,
14303,SAB LUX SUAVE BRISA FLORAL 85G,3.69,2.99,01/09,15/10,HIGIENE CORPORAL,128,0,,
14549,CILIOS I-ENVY AU NATURALE 01,24.79,9.99,15/09,15/10,MAQUIAGENS / ACESSORIOS,4381,1,,
14550,CILIOS I-ENVY AU NATURALE 02,24.79,9.99,15/09,15/10,MAQUIAGENS / ACESSORIOS,4381,0,,
14710,SAB LUX SUAVE BUQUE DOS SONHOS 85G,3.69,2.99,01/09,15/10,HIGIENE CORPORAL,128,0,,
14711,SAB LUX SUAVE FRESCOR IRRESISTIVEL 85G,3.69,2.99,01/09,15/10,HIGIENE CORPORAL,128,0,,
14712,SAB LUX SUAVE SUAVIDADE DAS PETALAS 85G,3.69,2.99,01/09,15/10,HIGIENE CORPORAL,128,0,,
14836,KIT SH+COND NIELY CHOCOLATE,27.69,19.98,18/09,18/10,CUIDADOS COM O CABELO,1566,0,,
15094,DESOD AERO OLD SPICE VIP 93G,23.29,19.98,16/09,16/10,HIGIENE CORPORAL,2770,0,,
15095,DESOD AERO OLD SPICE LENHA 93G,23.29,19.98,16/09,16/10,HIGIENE CORPORAL,2770,1,,
15287,ESM HITS FESTA 3 2 1 CASEI 8ML,8.99,7.99,10/09,10/10,HIGIENE CORPORAL,2492,0,,
15288,ESM HITS FESTA CHARMOSA 8ML,8.99,7.99,10/09,10/10,HIGIENE CORPORAL,2492,0,,
15289,ESM HITS FESTA EXPLODE CORACAO 8ML,8.99,7.99,10/09,10/10,HIGIENE CORPORAL,2492,0,,
15290,ESM HITS DV FRESCOR 8ML,8.99,7.99,10/09,10/10,HIGIENE CORPORAL,2492,0,,
15291,ESM HITS FESTA MOZAO 8ML,8.99,7.99,10/09,10/10,HIGIENE CORPORAL,2492,0,,
15292,ESM HITS FESTA PRA SER FELIZ 8ML,8.99,7.99,10/09,10/10,HIGIENE CORPORAL,2492,0,,
15293,ESM HITS FESTA PULSO ACEL 8ML,8.99,7.99,10/09,10/10,HIGIENE CORPORAL,2492,0,,
15294,ESM HITS FESTA THUCOTCHUCO 8ML,8.99,7.99,10/09,10/10,HIGIENE CORPORAL,2492,0,,
15295,ESM HITS GLITTER FORTE 701 8ML,8.99,7.99,10/09,10/10,HIGIENE CORPORAL,2492,0,,
15296,ESM HITS GLITTER FORTE 702 8ML,8.99,7.99,10/09,10/10,HIGIENE CORPORAL,2492,0,,
15298,ESM HITS GLITTER FORTE 704 8ML,8.99,7.99,10/09,10/10,HIGIENE CORPORAL,2492,0,,
15299,ESM HITS GLITTER FORTE 705 8ML,8.99,7.99,10/09,10/10,HIGIENE CORPORAL,2492,0,,
15300,ESM HITS GLITTER FORTE 706 8ML,8.99,7.99,10/09,10/10,HIGIENE CORPORAL,2492,0,,
15302,ESM HITS GLITTER FORTE 709 8ML,8.99,7.99,10/09,10/10,HIGIENE CORPORAL,2492,0,,
15304,ESM HITS G ROCKER CHICK 8ML,8.99,7.99,10/09,10/10,HIGIENE CORPORAL,2492,0,,
15305,ESM HITS PEROLADO DIVA 8ML,8.99,7.99,10/09,10/10,HIGIENE CORPORAL,2492,0,,
15306,ESM HITS PEROLADO ELEGANTE 8ML,8.99,7.99,10/09,10/10,HIGIENE CORPORAL,2492,0,,
15307,ESM HITS PEROLADO FABULOSA 8ML,8.99,7.99,10/09,10/10,HIGIENE CORPORAL,2492,0,,
15308,ESM HITS DV GOTICA 8ML,8.99,7.99,10/09,10/10,HIGIENE CORPORAL,2492,0,,
15309,ESM HITS PEROLADO GRANATA 8ML,8.99,7.99,10/09,10/10,HIGIENE CORPORAL,2492,0,,
15310,ESM HITS PEROLADO MAGNIFICA 8ML,8.99,7.99,10/09,10/10,HIGIENE CORPORAL,2492,0,,
15311,ESM HITS PEROLADO MARFINE 8ML,8.99,7.99,10/09,10/10,HIGIENE CORPORAL,2492,0,,
15312,ESM HITS PEROLADO OUSADA 8ML,8.99,7.99,10/09,10/10,HIGIENE CORPORAL,2492,0,,
15313,ESM HITS PEROLADO PRECIOSA 8ML,8.99,7.99,10/09,10/10,HIGIENE CORPORAL,2492,0,,
15314,ESM HITS PEROLADO QUEEN 8ML,8.99,7.99,10/09,10/10,HIGIENE CORPORAL,2492,0,,
15315,ESM HITS PEROLADO RADIANTE 8ML,8.99,7.99,10/09,10/10,HIGIENE CORPORAL,2492,0,,
15316,ESM HITS PEROLADO SHINE 8ML,8.99,7.99,10/09,10/10,HIGIENE CORPORAL,2492,0,,
15317,ESM HITS PEROLADO UNIQUE 8ML,8.99,7.99,10/09,10/10,HIGIENE CORPORAL,2492,0,,
15322,ESM HITS GLITTER FORTE 708 8ML,8.99,7.99,10/09,10/10,HIGIENE CORPORAL,2492,0,,
15323,ESM HITS G 388 ROCK FORTE 8ML,8.99,7.99,10/09,10/10,HIGIENE CORPORAL,2492,0,,
15325,ESM HITS FESTA LOUCA EMOCAO 8ML,8.99,7.99,10/09,10/10,HIGIENE CORPORAL,2492,0,,
15326,ESM HITS DV GELATO 8ML,8.99,7.99,10/09,10/10,HIGIENE CORPORAL,2492,0,,
15327,ESM HITS FESTA OLHAR RADIANTE 8ML,8.99,7.99,10/09,10/10,HIGIENE CORPORAL,2492,0,,
15898,SH LOLA ARGAN OIL 250ML,35.79,29.98,01/09,15/10,CUIDADOS COM O CABELO,0,1,,
15906,CILIOS I-ENVY AU NATURALE 03,24.79,9.99,15/09,15/10,MAQUIAGENS / ACESSORIOS,4381,0,,
16315,DESOD AERO REXONA WOMEN POWDER DRY 150ML,18.79,16.99,16/09,30/10,HIGIENE CORPORAL,1489,1,,
16316,DESOD AERO REXONA WOMEN INVISIBLE 150ML,18.79,16.99,16/09,30/10,HIGIENE CORPORAL,1489,0,,
16317,DESOD AERO REXONA WOMEN BAMBOO 150ML,18.79,16.99,16/09,30/10,HIGIENE CORPORAL,1489,0,,
16391,COND SEDA BOMBA DE NUTRICAO 325ML,17.59,13.99,17/09,17/10,CUIDADOS COM O CABELO,2477,0,,
16392,SH SEDA BOMBA DE NUTRICAO 325ML,16.49,12.99,17/09,17/10,CUIDADOS COM O CABELO,2475,0,,
16517,DESOD AERO REXONA WOMEN EBONY BEAUTY 90G,18.79,16.99,16/09,30/10,HIGIENE CORPORAL,1489,0,,
16518,DESOD AERO REXONA WOMEN SEX BOUQUET 90GR,18.79,16.99,16/09,30/10,HIGIENE CORPORAL,1489,0,,
16645,DESOD AERO REXONA WOMEM ACTIVE EMOTION 150ML,18.79,16.99,16/09,30/10,HIGIENE CORPORAL,1489,0,,
16673,DESOD AERO REXONA WOMAN S PERFUME 150ML,18.79,16.99,16/09,30/10,HIGIENE CORPORAL,1489,0,,
16760,DESOD AERO REXONA WOMEN COTTON 150ML,18.79,16.99,16/09,30/10,HIGIENE CORPORAL,1489,0,,
16874,DESOD AERO NIVEA F M ORIGINAL PROTECT 150ML,15.39,13.99,16/09,30/10,HIGIENE CORPORAL,1651,0,,
16925,DESOD AERO OLD SPICE MATADOR 93G,23.29,19.98,16/09,16/10,HIGIENE CORPORAL,2770,0,,
16928,DESOD AERO OLD SPICE PEGADOR 93G,23.29,19.98,16/09,16/10,HIGIENE CORPORAL,2770,0,,
16978,ESC DENT ORAL-B IND PLUS 30 L2P1,28.89,19.98,21/08,20/09,CUIDADOS BUCAL,4175,1,,
16980,ESC DENT ORAL-B IND PLUS 35 L2P1,28.89,19.98,21/08,20/09,CUIDADOS BUCAL,4175,0,,
16981,ESC DENT ORAL-B IND PLUS 40 L2P1,28.89,19.98,21/08,20/09,CUIDADOS BUCAL,4175,0,,
16982,COND DOVE ULTRA CACHOS 200ML,26.99,9.99,12/08,30/09,CUIDADOS COM O CABELO,1480,0,,
17006,SH DOVE ULTRA CACHOS 200ML,22.69,9.99,12/08,30/09,CUIDADOS COM O CABELO,1475,0,,
17007,SH HEAD SHOULDERS OLEOSIDADE 200ML,23.29,19.98,21/08,20/09,CUIDADOS COM O CABELO,1317,0,,
17021,SAB PALMOLIVE NAT SECRETA ACAI 85G,3.29,2.49,16/09,30/10,HIGIENE CORPORAL,1853,0,,
17235,CR TRAT SKALA #SOU+CACHOS 1K,14.89,13.99,04/09,30/09,CUIDADOS COM O CABELO,1434,0,,
17236,CR TRAT SKALA MAIONESE CAP 1K,14.89,13.99,04/09,30/09,CUIDADOS COM O CABELO,1434,0,,
17240,KIT SH+COND NIELY MEGA BRILHO,27.69,19.98,18/09,18/10,CUIDADOS COM O CABELO,1566,0,,
17344,ABS ALWAYS ACTIVE NOTURNO SUAVE C/32,45.99,29.98,01/09,15/10,HIGIENE CORPORAL,3650,1,,
17351,CR TRAT SKALA BOMBA DE VITAMINAS 1K,14.89,13.99,04/09,30/09,CUIDADOS COM O CABELO,1434,0,,
17457,COND DOVE RITUAL DE REPARACAO 200ML,26.99,9.99,12/08,30/09,CUIDADOS COM O CABELO,1480,0,,
17458,SH DOVE RITUAL DE REPARACAO 200ML,22.69,9.99,12/08,30/09,CUIDADOS COM O CABELO,1475,0,,
17492,DESOD AERO REXONA WOMEN ANT INV 150ML,18.79,16.99,16/09,30/10,HIGIENE CORPORAL,1489,0,,
17855,PINCEL MACRILAN B-404,15.49,9.99,15/09,15/10,MAQUIAGENS / ACESSORIOS,0,1,,
18269,ESC GAMA INNOVA MINI BIV,183.29,99.99,10/09,10/10,EQUIPAMENTOS DE BELEZA,0,1,,
18355,DESOD AERO DOVE GO FRESH PEPINO 89G,21.29,18.99,16/09,30/10,HIGIENE CORPORAL,1484,0,,
18545,SAB PALMOLIVE HIDRAT NUTRI LANOLINA 85G,3.29,2.49,16/09,30/10,HIGIENE CORPORAL,1853,0,,
18546,SAB PALMOLIVE NATURALS HIDRATA E PERFUMA 85G,3.29,2.49,16/09,30/10,HIGIENE CORPORAL,1853,0,,
18571,ANTI-SEP COLGATE PLAX GLACIAL L500P350ML,23.29,16.99,18/09,18/10,CUIDADOS BUCAL,1455,0,,
18734,SAB PALMOLIVE O OLEO NUT 90G,3.29,2.49,16/09,30/10,HIGIENE CORPORAL,1853,0,,
18757,DESOD AERO OLD SPICE CABRA MACHO 93G,23.29,19.98,16/09,16/10,HIGIENE CORPORAL,2770,0,,
19287,BTX PLANCTON ORGHANIC 1K,141.39,125.99,21/09,22/09,CUIDADOS COM O CABELO,5767,1,,
19383,CR TRAT SKALA POTAO DESMAIADO 1K,14.89,13.99,04/09,30/09,CUIDADOS COM O CABELO,1434,0,,
19384,CR PENT SEDA BOOM VOLUMACAO 295ML,13.99,11.99,17/09,17/10,CUIDADOS COM O CABELO,1369,0,,
19389,CR PENT SEDA BOOM ARGAN 300ML,13.99,11.99,17/09,17/10,CUIDADOS COM O CABELO,1369,0,,
19390,CR PENT SEDA BOOM DEFINICAO 295ML,13.99,11.99,17/09,17/10,CUIDADOS COM O CABELO,1369,0,,
19393,COND SEDA BOMBA ARGAN 325ML,17.59,13.99,17/09,17/10,CUIDADOS COM O CABELO,2477,0,,
19394,COND TRESEMME BAIXO POO 400ML,33.49,19.99,25/08,30/09,CUIDADOS COM O CABELO,1878,0,,
19396,CR TRAT TRESEMME BAIXO POO 400G,34.29,19.99,25/08,30/09,CUIDADOS COM O CABELO,1687,0,,
19398,SH TRESEMME BAIXO POO 400ML,33.39,19.99,25/08,30/09,CUIDADOS COM O CABELO,1593,0,,
19399,SH SEDA BOMBA ARGAN 325ML,16.49,12.99,17/09,17/10,CUIDADOS COM O CABELO,2475,0,,
19412,DESOD AERO NIVEA F M INV B W FRESH 150ML,15.39,13.99,16/09,30/10,HIGIENE CORPORAL,1651,0,,
19413,DESOD AERO NIVEA F W INV B W FRESH 150ML,15.39,13.99,16/09,30/10,HIGIENE CORPORAL,1651,0,,
19416,CR TRAT SKALA AMIDO DE MILHO 1K,14.89,13.99,04/09,30/09,CUIDADOS COM O CABELO,1434,0,,
19417,CR TRAT SKALA DIVINO POTAO  1K,14.89,13.99,04/09,30/09,CUIDADOS COM O CABELO,1434,0,,
19418,CR TRAT SKALA BOMBA BANANA 1K,14.89,13.99,04/09,30/09,CUIDADOS COM O CABELO,1434,0,,
19498,ESC SANTA CLARA BARBA TES  NAV,9.99,5.99,14/09,31/10,CUIDADOS COM O CABELO,0,1,,
19509,ESC SANTA CLARA DESENBARACA CAB,10.49,5.99,14/09,31/10,CUIDADOS COM O CABELO,0,1,,
19522,CR TRAT SKALA MAIONESE VEGANA 1K,14.89,13.99,04/09,30/09,CUIDADOS COM O CABELO,1434,0,,
19523,KIT SKALA BOMBA VITAMINAS SH+COND,19.49,17.99,05/09,30/09,CUIDADOS COM O CABELO,2946,0,,
19525,KIT SKALA BOMBA BANANA SH+COND,19.49,17.99,05/09,30/09,CUIDADOS COM O CABELO,2946,0,,
19674,KIT NIELY SOS DIVA CACHOS,27.69,19.98,18/09,18/10,CUIDADOS COM O CABELO,1566,0,,
19701,SH PANTENE HIDROCAUTERIZACAO 175ML,21.99,12.99,18/09,18/10,CUIDADOS COM O CABELO,2965,0,,
19702,SH PANTENE CACHOS 175ML,21.99,12.99,18/09,18/10,CUIDADOS COM O CABELO,2965,0,,
19703,SH PANTENE CONTROLE DE QUEDA 175ML,21.99,12.99,18/09,18/10,CUIDADOS COM O CABELO,2965,0,,
19704,SH PANTENE HIDRATACAO 175ML,21.99,12.99,18/09,18/10,CUIDADOS COM O CABELO,2965,0,,
19705,SH PANTENE LISO EXTREMO 175ML,21.99,12.99,18/09,18/10,CUIDADOS COM O CABELO,2965,0,,
19706,SH PANTENE REP REJUVENESCEDOR 175ML,21.99,12.99,18/09,18/10,CUIDADOS COM O CABELO,2965,0,,
19714,COND PANTENE RESTAURACAO 175ML,22.89,9.99,18/09,30/09,CUIDADOS COM O CABELO,2966,1,,
19843,ESPONJA BELLIZ MAKEUP 360 E MINI,19.99,9.99,15/09,15/10,MAQUIAGENS / ACESSORIOS,0,1,,
19847,SH PANTENE RESTAURACAO 175ML,21.99,12.99,18/09,18/10,CUIDADOS COM O CABELO,2965,0,,
20510,SAB PALMOLIVE NAT HID INTENSA 90G,3.29,2.49,16/09,30/10,HIGIENE CORPORAL,1853,0,,
20554,SH DOVE HIDRATACAO INTENSA OXIGENIO 200ML,22.69,9.99,12/08,30/09,CUIDADOS COM O CABELO,1475,0,,
20555,SH TRESEMME SOLAR REPAIR 400ML,33.39,19.99,25/08,30/09,CUIDADOS COM O CABELO,1593,0,,
20557,COND DOVE HIDRATACAO INTENSA INFUSAO OXIGENIO 200ML,26.99,9.99,12/08,30/09,CUIDADOS COM O CABELO,1480,1,,
20558,COND TRESEMME SOLAR REPAIR 400ML,33.49,19.99,25/08,30/09,CUIDADOS COM O CABELO,1878,0,,
20560,DESOD AERO REXONA MEN SEM PERFUME 150ML,18.79,16.99,16/09,30/10,HIGIENE CORPORAL,1489,0,,
20562,DESOD AERO REXONA WOMEN POM E VERB 90G,18.79,16.99,16/09,30/10,HIGIENE CORPORAL,1489,0,,
20563,DESOD AERO REXONA FLORES BRANCAS E LICHIA 90G,18.79,16.99,16/09,30/10,HIGIENE CORPORAL,1489,0,,
20818,DESOD AERO DOVE GO FRESH ROMA 150ML,21.29,18.99,16/09,30/10,HIGIENE CORPORAL,1484,0,,
20819,DESOD AERO DOVE MINERAL E SALVIA 89G,21.29,18.99,16/09,30/10,HIGIENE CORPORAL,1484,0,,
20822,SH DOVE NUTRICAO MICELAR 200ML,22.69,9.99,12/08,30/09,CUIDADOS COM O CABELO,1475,0,,
20823,COND DOVE NUTRICAO OLEO MICELAR 200ML,26.99,9.99,12/08,30/09,CUIDADOS COM O CABELO,1480,0,,
21257,KIT PANTENE CONTROLE DE QUEDA SH+COND,49.29,39.98,01/09,30/09,CUIDADOS COM O CABELO,3048,0,,
21258,KIT PANTENE RECONSTRUCAO SH+COND,49.29,39.98,01/09,30/09,CUIDADOS COM O CABELO,3048,0,,
21259,KIT PANTENE CACHOS SH+COND,49.29,39.98,01/09,30/09,CUIDADOS COM O CABELO,3048,0,,
21260,KIT PANTENE HIDRATACAO SH+COND,49.29,39.98,01/09,30/09,CUIDADOS COM O CABELO,3048,0,,
21261,KIT PANTENE HIDROCAUTERIZACAO SH+COND,49.29,39.98,01/09,30/09,CUIDADOS COM O CABELO,3048,0,,
21314,DESOD AERO REXONA MEN TORC FANT 90ML,18.79,16.99,16/09,30/10,HIGIENE CORPORAL,1489,0,,
21674,DESOD AERO NIVEA F W AGUA DE COCO 150ML,15.39,13.99,16/09,30/10,HIGIENE CORPORAL,1651,0,,
21675,DESOD AERO NIVEA F W FLOR CEREJEIRA 150ML,15.39,13.99,16/09,30/10,HIGIENE CORPORAL,1651,0,,
21676,DESOD AERO NIVEA F W LOR LARANJEIRA 150ML,15.39,13.99,16/09,30/10,HIGIENE CORPORAL,1651,0,,
21856,DESOD AERO REXONA MEN IMPACTO 150ML,18.79,16.99,16/09,30/10,HIGIENE CORPORAL,1489,0,,
22298,SH PANTENE BAMBOO 200ML,21.99,12.99,18/09,18/10,CUIDADOS COM O CABELO,2965,1,,
22531,DESOD AERO NIVEA F M DEEP ORIGINAL 150ML,15.39,13.99,16/09,30/10,HIGIENE CORPORAL,1651,0,,
22545,DESOD AERO NIVEA F M DEEP AMADEIRADO 150ML,15.39,13.99,16/09,30/10,HIGIENE CORPORAL,1651,0,,
22546,DESOD AERO NIVEA DOUBLE EFFECT 150ML,15.39,13.99,16/09,30/10,HIGIENE CORPORAL,1651,0,,
22671,CR DENT COLGATE TOTAL CLEAN MINT 180G,18.99,16.90,16/09,30/09,CUIDADOS BUCAL,5018,0,,
22800,AGUA OXIG YAMA VOL10 900ML,30.49,27.99,21/09,22/09,CUIDADOS COM O CABELO,1473,0,,
22937,CR TRAT SKALA COQUETEL BRASIL 1K,14.89,13.99,04/09,30/09,CUIDADOS COM O CABELO,1434,0,,
22965,KIT SKALA BOMBA ABACATE SH+COND,19.49,17.99,05/09,30/09,CUIDADOS COM O CABELO,2946,0,,
22966,KIT SKALA CERAMIDAS SH+COND,19.49,17.99,05/09,30/09,CUIDADOS COM O CABELO,2946,0,,
22967,KIT SKALA CAFE VERDE E UCUUBA SH+COND,19.49,17.99,05/09,30/09,CUIDADOS COM O CABELO,2946,0,,
23497,KIT SKALA JABORANDI SH+COND,19.49,17.99,05/09,30/09,CUIDADOS COM O CABELO,2946,0,,
23944,SAB LUX SUAVE CAPIM LIMAO 85G,3.69,2.99,01/09,15/10,HIGIENE CORPORAL,128,0,,
24095,COND PANTENE BAMBU 250ML,34.39,29.98,01/09,15/10,CUIDADOS COM O CABELO,5412,0,,
24096,KIT PANTENE LISO EXTREMO SH+COND,49.29,39.98,01/09,30/09,CUIDADOS COM O CABELO,3048,0,,
24252,ESC GAMA INNOVA NANO BIV,148.29,105.99,10/09,10/10,EQUIPAMENTOS DE BELEZA,0,1,,
24387,CR DENT COLGATE TOTAL ANTI TARTARO 180G,18.99,16.90,16/09,30/09,CUIDADOS BUCAL,5018,0,,
24551,SH SEDA ONDAS FRIZZ 325ML,16.49,12.99,17/09,17/10,CUIDADOS COM O CABELO,2475,0,,
24552,SH SEDA POS DANOS 325ML,16.49,12.99,17/09,17/10,CUIDADOS COM O CABELO,2475,0,,
24566,HID PANTENE UNIDOS PELO CACHOS 270ML,48.69,29.97,29/08,28/09,CUIDADOS COM O CABELO,5527,0,,
24568,LENCO UMED PAMPERS BABY SHARK C 48,15.39,12.99,16/09,16/10,INFANTIS,0,1,,
24717,COND SEDA ONDAS FRIZZ 325ML,17.59,13.99,17/09,17/10,CUIDADOS COM O CABELO,2477,0,,
24728,SEC TAIFF EASY 1700W,258.59,199.98,01/09,15/10,EQUIPAMENTOS DE BELEZA,0,1,,
25344,COND SEDA MAMONA E CAFE 325ML,17.59,13.99,17/09,17/10,CUIDADOS COM O CABELO,2477,0,,
25345,COND SEDA MANDACARU E CAJA 325ML,17.59,13.99,17/09,17/10,CUIDADOS COM O CABELO,2477,0,,
25346,SH SEDA MAMONA E CAFE 325ML,16.49,12.99,17/09,17/10,CUIDADOS COM O CABELO,2475,0,,
25348,DESOD AERO DOVE ANTIBACTERIANO 150ML,21.29,18.99,16/09,30/10,HIGIENE CORPORAL,1484,0,,
25349,SH DOVE HIDRA LISO 200ML,22.69,9.99,12/08,30/09,CUIDADOS COM O CABELO,1475,0,,
25350,COND DOVE HIDRA LISO 200ML,26.99,9.99,12/08,30/09,CUIDADOS COM O CABELO,1480,0,,
25784,ESFOLIANTE LABOTRAT MARACUJA 300G,31.99,25.99,11/09,11/10,HIGIENE CORPORAL,3493,0,,
25787,ESFOLIANTE LABOTRAT CORP CAPIM LIMAO 300G,31.99,25.99,11/09,11/10,HIGIENE CORPORAL,3493,0,,
25788,ESFOLIANTE LABOTRAT CORP AGUA DE COCO 330G,31.99,25.99,11/09,11/10,HIGIENE CORPORAL,3493,0,,
25789,ESFOLIANTE LABOTRAT CORP MORANGO 300G,31.99,25.99,11/09,11/10,HIGIENE CORPORAL,3493,0,,
25790,ESFOLIANTE LABOTRAT CORP KIWI 330G,31.99,25.99,11/09,11/10,HIGIENE CORPORAL,3493,0,,
25791,ESFOLIANTE LABOTRAT CORP PITAYA 300G,31.99,25.99,11/09,11/10,HIGIENE CORPORAL,3493,0,,
25792,ESFOLIANTE LABOTRAT CORP MELANCIA 300G,31.99,25.99,11/09,11/10,HIGIENE CORPORAL,3493,0,,
25801,ARGILA LABOTRAT BRANCA 100G,9.29,7.99,11/09,11/10,HIGIENE CORPORAL,3496,0,,
25802,ARGILA LABOTRAT ROSA 100G,9.29,7.99,11/09,11/10,HIGIENE CORPORAL,3496,0,,
25803,ARGILA LABOTRAT AMARELA 100G,9.29,7.99,11/09,11/10,HIGIENE CORPORAL,3496,0,,
25804,ARGILA LABOTRAT VERDE 100G,9.29,7.99,11/09,11/10,HIGIENE CORPORAL,3496,1,,
25816,SH SEDA BABOSA E OLEO DE COCO 325ML,16.49,12.99,17/09,17/10,CUIDADOS COM O CABELO,2475,0,,
25817,COND SEDA BABOSA E OLEO DE COCO 325ML,17.59,13.99,17/09,17/10,CUIDADOS COM O CABELO,2477,0,,
25818,SH SEDA MANDACARU E CAJA 325ML,16.49,12.99,17/09,17/10,CUIDADOS COM O CABELO,2475,0,,
25832,AP BARB GILLETTE MACH3 ACQUA GRIP REG 1,33.29,19.99,15/09,15/10,HIGIENE CORPORAL,0,1,,
25835,DESOD AERO OLD SPICE MAR PROFUNDO 93G,23.29,19.98,16/09,16/10,HIGIENE CORPORAL,2770,0,,
25848,CR PENT SEDA ANTIFRIZZ 300ML,13.99,11.99,17/09,17/10,CUIDADOS COM O CABELO,1369,0,,
26026,COND PALMOLIVE SEMPRE LONGO 350ML,12.89,7.90,09/09,30/09,CUIDADOS COM O CABELO,1401,0,,
26027,SH PALMOLIVE NATURALS SEMPRE LONGO 350ML,12.39,7.90,09/09,30/09,CUIDADOS COM O CABELO,1260,0,,
26032,SAB PALMOLIVE NATURALS FRESCOR PURIFICANTE 150G,4.99,3.99,16/09,30/10,HIGIENE CORPORAL,1327,1,,
26109,MASC VITISS QUIABO 1K,95.29,79.99,21/09,22/09,CUIDADOS COM O CABELO,5196,1,,
26110,MASC VITISS QUERATINA 1K,95.29,79.99,21/09,22/09,CUIDADOS COM O CABELO,5196,0,,
26138,DESOD AERO DOVE SENSITIVE SEM PERFUME 150ML,21.29,18.99,16/09,30/10,HIGIENE CORPORAL,1484,0,,
26344,CR DENT SORRISO TRIPLA LIMPEZA COMPLETA 120G,4.99,3.99,16/09,30/10,CUIDADOS BUCAL,0,1,,
26348,KIT SKALA 12EM1 SH+COND,19.49,17.99,05/09,30/09,CUIDADOS COM O CABELO,2946,0,,
26349,KIT SKALA #MAIS LISOS SH+COND,19.49,17.99,05/09,30/09,CUIDADOS COM O CABELO,2946,0,,
26444,KIT TANOX QUERATINA 2X1L,41.89,34.99,15/09,27/09,CUIDADOS COM O CABELO,3546,0,,
26445,KIT TANOX SETE OLEOS 2X1L,41.89,34.99,15/09,27/09,CUIDADOS COM O CABELO,3546,1,,
26543,SH HEAD SHOULDERS MEN 3EM1 400ML,39.99,29.98,21/08,20/09,CUIDADOS COM O CABELO,3554,1,,
26544,SH HEAD SHOULDERS ANTICOCEIRA 400ML,39.99,29.98,21/08,20/09,CUIDADOS COM O CABELO,3554,0,,
26546,SH HEAD SHOULDERS HIDRATACAO 400ML,39.99,29.98,21/08,20/09,CUIDADOS COM O CABELO,3554,0,,
26547,SH HEAD SHOULDERS MENTHOL 400ML,39.99,29.98,21/08,20/09,CUIDADOS COM O CABELO,3554,0,,
26562,FAIXA ZALIKE MAQUIAGEM LUXO REF 285,14.89,9.99,15/09,15/10,CABELEIREIROS,0,1,,
27333,ESM HITS GEL CR BEIJO NA CHUVA 8ML,9.99,7.99,10/09,10/10,HIGIENE CORPORAL,3171,0,,
27334,ESM HITS GEL GLITTER DEU LIGA 8ML,9.99,7.99,10/09,10/10,HIGIENE CORPORAL,3171,0,,
27335,ESM HITS GEL GLITTER SEGUNDAS INTENCOES 8ML,9.99,7.99,10/09,10/10,HIGIENE CORPORAL,3171,0,,
27336,ESM HITS GEL GLITTER SEGREDINHO 8ML,9.99,7.99,10/09,10/10,HIGIENE CORPORAL,3171,0,,
27337,ESM HITS GEL GLITTER VEM ME VER 8ML,9.99,7.99,10/09,10/10,HIGIENE CORPORAL,3171,0,,
27428,SH HB BEAUTY CACHOS PERFECT CURLY 300ML,48.59,42.99,04/09,15/10,CUIDADOS COM O CABELO,3581,1,,
27429,SH HB BEAUTY ULTRA HIDRATANTE 300ML,48.59,42.99,04/09,15/10,CUIDADOS COM O CABELO,3581,0,,
27441,SH HB BEAUTY PERFECT LISS 300ML,74.89,42.99,04/09,15/10,CUIDADOS COM O CABELO,0,1,,
27443,SH HB BEAUTY REDUCTION SUPREME 300ML,27.59,42.99,04/09,15/10,CUIDADOS COM O CABELO,0,1,,
27503,KIT TANOX POS QUIMICA 2X1L,41.89,34.99,15/09,27/09,CUIDADOS COM O CABELO,3546,0,,
27546,CR DENT COLGATE TOTAL GENGIVA REFORCADA 180G,18.99,16.90,16/09,30/09,CUIDADOS BUCAL,5018,1,,
27573,KIT SKALA MANTEIGA DE KARITE SH+COND,19.49,17.99,05/09,30/09,CUIDADOS COM O CABELO,2946,0,,
27807,COLA IENVY CILIOS EASY PEN PRETA,68.59,9.99,15/09,15/10,MAQUIAGENS / ACESSORIOS,3623,0,,
27808,COLA IENVY CILIOS EASY PEN INCOLOR,68.59,9.99,15/09,15/10,MAQUIAGENS / ACESSORIOS,3623,1,,
27810,SH HB BEAUTY MANDIOCA 300ML,59.39,42.99,01/09,15/10,CUIDADOS COM O CABELO,3624,1,,
27811,SH HB BEAUTY BABOSA 300ML,59.39,42.99,01/09,15/10,CUIDADOS COM O CABELO,3624,0,,
27813,SH HB BEAUTY SUNSET 300ML,59.39,42.99,01/09,15/10,CUIDADOS COM O CABELO,3624,0,,
27814,SH HB BEAUTY BRILHO EXTRAORDINARIO 300ML,59.39,42.99,01/09,15/10,CUIDADOS COM O CABELO,3624,0,,
27815,SH HB BEAUTY BAMBU 300ML,59.39,42.99,01/09,15/10,CUIDADOS COM O CABELO,3624,0,,
27833,SH HB BEAUTY POS QUIMICA 300ML,58.89,42.99,04/09,15/10,CUIDADOS COM O CABELO,3628,1,,
27837,SH HB BEAUTY PODEROSO LOIRAO 300ML,58.89,42.99,04/09,15/10,CUIDADOS COM O CABELO,3628,0,,
27838,SH HB BEAUTY VERMELHO INTENSO 300ML,58.89,42.99,04/09,15/10,CUIDADOS COM O CABELO,3628,0,,
27841,SH HB BEAUTY PODEROSO MARSALA 300ML,58.89,42.99,04/09,15/10,CUIDADOS COM O CABELO,3628,0,,
27868,PO DESC HB BEAUTY BALA PLATINUM 500G,123.29,49.99,14/09,31/10,CUIDADOS COM O CABELO,3636,1,,
27870,PO DESC HB BEAUTY BALA ICE 500G,123.29,49.99,14/09,31/10,CUIDADOS COM O CABELO,3636,0,,
27931,KIT HASKELL CAVALO FORTE SH+COND,143.99,117.99,15/09,27/09,CUIDADOS COM O CABELO,0,1,,
28520,SH TRESEMME CRESCIMENTO MAXIMO 400ML,33.39,19.99,25/08,30/09,CUIDADOS COM O CABELO,1593,0,,
28521,COND TRESEMME CRESCIMENTO MAXIMO 400ML,33.49,19.99,25/08,30/09,CUIDADOS COM O CABELO,1878,0,,
28605,SH NATUTRAT VINAGRE DE MACA 300ML,15.29,9.99,01/09,15/10,CUIDADOS COM O CABELO,0,1,,
28673,DESOD AERO DOVE GO FRESH PERA 150ML,21.29,18.99,16/09,30/10,HIGIENE CORPORAL,1484,0,,
28674,DESOD AERO DOVE GO FRESH AMORA 150ML,21.29,18.99,16/09,30/10,HIGIENE CORPORAL,1484,0,,
28728,MASCARA SIAGE EUDORA LISO INTENSO 250G,49.99,19.99,03/09,31/10,CUIDADOS COM O CABELO,4915,0,,
28729,MASCARA SIAGE EUDORA NUTRI OLEOS PODEROSOS 250G,49.99,19.99,03/09,31/10,CUIDADOS COM O CABELO,4915,0,,
28730,MASCARA SIAGE EUDORA CAUTERIZACAO DOS FIOS 250G,49.99,19.99,03/09,31/10,CUIDADOS COM O CABELO,4915,0,,
28961,SH HB BEAUTY ABACATE 300ML,58.89,42.99,04/09,15/10,CUIDADOS COM O CABELO,0,1,,
29236,ESM HITS GEL CR MUDAR O MUNDO 8ML,9.99,7.99,10/09,10/10,HIGIENE CORPORAL,3171,0,,
29237,ESM HITS GEL CR DEI LIKE 8ML,9.99,7.99,10/09,10/10,HIGIENE CORPORAL,3171,0,,
29238,ESM HITS GEL CR RESPIRA! 8ML,9.99,7.99,10/09,10/10,HIGIENE CORPORAL,3171,0,,
29239,ESM HITS GEL CR VIVA HOJE 8ML,9.99,7.99,10/09,10/10,HIGIENE CORPORAL,3171,0,,
29240,ESM HITS GEL CR QUARTZO AZUL 8ML,9.99,7.99,10/09,10/10,HIGIENE CORPORAL,3171,0,,
29241,ESM HITS GEL CR E POSSIVEL 8ML,9.99,7.99,10/09,10/10,HIGIENE CORPORAL,3171,0,,
29242,ESM HITS GEL CR MANTRA 8ML,9.99,7.99,10/09,10/10,HIGIENE CORPORAL,3171,0,,
29243,ESM HITS GEL CR AGORA E SEMPRE 8ML,9.99,7.99,10/09,10/10,HIGIENE CORPORAL,3171,0,,
29244,ESM HITS GEL CR MATAR A SAUDADE 8ML,9.99,7.99,10/09,10/10,HIGIENE CORPORAL,3171,0,,
29245,ESM HITS GEL CR LIVRO ABERTO 8ML,9.99,7.99,10/09,10/10,HIGIENE CORPORAL,3171,0,,
29246,ESM HITS GEL CR SO QUERO AMAR 8ML,9.99,7.99,10/09,10/10,HIGIENE CORPORAL,3171,0,,
29247,ESM HITS GEL PEROL PEDRA DO SOL 8ML,9.99,7.99,10/09,10/10,HIGIENE CORPORAL,3171,0,,
29248,ESM HITS GEL PEROL MEDITE-SE 8ML,9.99,7.99,10/09,10/10,HIGIENE CORPORAL,3171,0,,
29249,ESM HITS GEL PEROL AMETISTA 8ML,9.99,7.99,10/09,10/10,HIGIENE CORPORAL,3171,0,,
29250,ESM HITS GEL PEROL JADE 8ML,9.99,7.99,10/09,10/10,HIGIENE CORPORAL,3171,0,,
29346,ESCOVA CONDOR POCKET GOTA 9715,34.89,9.99,14/09,31/10,CUIDADOS COM O CABELO,0,1,,
29581,COND SEDA JUNTINHOS CRESPOS 300ML,17.59,13.99,17/09,17/10,CUIDADOS COM O CABELO,2477,0,,
29582,CR PENT SEDA JUNTINHOS CRESPOS 300ML,13.99,11.99,17/09,17/10,CUIDADOS COM O CABELO,1369,0,,
29583,SH SEDA JUNTINHOS 300ML,16.49,12.99,17/09,17/10,CUIDADOS COM O CABELO,2475,0,,
29584,SH SEDA JUNTINHOS CRESPOS 300ML,16.49,12.99,17/09,17/10,CUIDADOS COM O CABELO,2475,0,,
29585,SH SEDA COLAGENO 325ML,16.49,12.99,17/09,17/10,CUIDADOS COM O CABELO,2475,0,,
29586,CR PENT SEDA JUNTINHOS CACHOS 300ML,13.99,11.99,17/09,17/10,CUIDADOS COM O CABELO,1369,0,,
29612,SERUM FACIAL LABOTRAT VITAMINA C15 30ML,39.99,9.99,15/09,15/10,HIGIENE CORPORAL,0,1,,
29613,ARGILA LABOTRAT BLEND COLAGENO 100G,9.29,7.99,11/09,11/10,HIGIENE CORPORAL,3496,0,,
29614,ARGILA LABOTRAT CINZA COM CARVAO 100G,9.29,7.99,11/09,11/10,HIGIENE CORPORAL,3496,0,,
29615,ARGILA LABOTRAT VERMELHA 100G,9.29,7.99,11/09,11/10,HIGIENE CORPORAL,3496,0,,
29620,KIT PANTENE BAMBU SH+COND,49.29,39.98,01/09,30/09,CUIDADOS COM O CABELO,3048,0,,
29811,TINT VIZZAGE 0.1 CINZA,34.99,29.98,14/09,14/10,CUIDADOS COM O CABELO,3820,0,,
29817,TINT VIZZAGE 0.66 VERMELHO,34.99,29.98,14/09,14/10,CUIDADOS COM O CABELO,3820,0,,
29818,TINT VIZZAGE 0.88 VIOLETA,34.99,29.98,14/09,14/10,CUIDADOS COM O CABELO,3820,0,,
29819,TINT VIZZAGE 1.0 PRETO,34.99,29.98,14/09,14/10,CUIDADOS COM O CABELO,3820,0,,
29820,TINT VIZZAGE 2.0 PRETO AZULADO,34.99,29.98,14/09,14/10,CUIDADOS COM O CABELO,3820,0,,
29821,TINT VIZZAGE 3.0 CASTANHO ESCURO,34.99,29.98,14/09,14/10,CUIDADOS COM O CABELO,3820,0,,
29822,TINT VIZZAGE 4.0 CASTANHO MEDIO,34.99,29.98,14/09,14/10,CUIDADOS COM O CABELO,3820,0,,
29823,TINT VIZZAGE 4.66 CASTANHO MEDIO VERMELHO INTENSO,34.99,29.98,14/09,14/10,CUIDADOS COM O CABELO,3820,0,,
29824,TINT VIZZAGE 5.0 CASTANHO CLARO,34.99,29.98,14/09,14/10,CUIDADOS COM O CABELO,3820,0,,
29825,TINT VIZZAGE 5.20 MARSALA,34.99,29.98,14/09,14/10,CUIDADOS COM O CABELO,3820,0,,
29826,TINT VIZZAGE 6.0 LOURO ESCURO,34.99,29.98,14/09,14/10,CUIDADOS COM O CABELO,3820,0,,
29827,TINT VIZZAGE 6.1 LOURO ESCURO ACINZENTADO,34.99,29.98,14/09,14/10,CUIDADOS COM O CABELO,3820,0,,
29828,TINT VIZZAGE 6.3 LOURO ESCURO DOURADO,34.99,29.98,14/09,14/10,CUIDADOS COM O CABELO,3820,0,,
29829,TINT VIZZAGE 6.66 LOURO ESCURO VERMELHO INTENSO,34.99,29.98,14/09,14/10,CUIDADOS COM O CABELO,3820,0,,
29830,TINT VIZZAGE 6.77 LOURO ESCURO MARROM INTENSO,34.99,29.98,14/09,14/10,CUIDADOS COM O CABELO,3820,0,,
29831,TINT VIZZAGE 7.0 LOURO MEDIO,34.99,29.98,14/09,14/10,CUIDADOS COM O CABELO,3820,1,,
29832,TINT VIZZAGE 7.4 LOURO MEDIO COBRE,34.99,29.98,14/09,14/10,CUIDADOS COM O CABELO,3820,0,,
29833,TINT VIZZAGE 7.77 LOURO MEDIO MARROM,34.99,29.98,14/09,14/10,CUIDADOS COM O CABELO,3820,0,,
29834,TINT VIZZAGE 77.45 LOURO MEDIO INT COBRE,34.99,29.98,14/09,14/10,CUIDADOS COM O CABELO,3820,0,,
29835,TINT VIZZAGE 8.0 LOURO CLARO,34.99,29.98,14/09,14/10,CUIDADOS COM O CABELO,3820,0,,
29836,TINT VIZZAGE 8.1 LOURO CLARO ACINZENTADO,34.99,29.98,14/09,14/10,CUIDADOS COM O CABELO,3820,0,,
29837,TINT VIZZAGE 8.3 LOURO CLARO DOURADO,34.99,29.98,14/09,14/10,CUIDADOS COM O CABELO,3820,0,,
29838,TINT VIZZAGE 8.4 LOURO CLARO COBRE BRONZE,34.99,29.98,14/09,14/10,CUIDADOS COM O CABELO,3820,0,,
29839,TINT VIZZAGE 9.0 LOURO MUITO CLARO,34.99,29.98,14/09,14/10,CUIDADOS COM O CABELO,3820,0,,
29840,TINT VIZZAGE 9.21 LOURO MUITO CLARO PEROL,34.99,29.98,14/09,14/10,CUIDADOS COM O CABELO,3820,0,,
29841,TINT VIZZAGE 10.0 LOURO CLARISSIMO,34.99,29.98,14/09,14/10,CUIDADOS COM O CABELO,3820,0,,
29842,TINT VIZZAGE 10.1 LOURO CLARISSIMO ACINZENTADO,34.99,29.98,14/09,14/10,CUIDADOS COM O CABELO,3820,0,,
29843,TINT VIZZAGE 10.89 LOURO CLARISSIMO PEROL,34.99,29.98,14/09,14/10,CUIDADOS COM O CABELO,3820,0,,
29844,TINT VIZZAGE 12.11 SUP CLAREAD ACINZENTADO,34.99,29.98,14/09,14/10,CUIDADOS COM O CABELO,3820,0,,
29845,TINT VIZZAGE 12.21 SUP CLAREADOR PEROLA,34.99,29.98,14/09,14/10,CUIDADOS COM O CABELO,3820,0,,
29990,KIT SH+COND NIELY DETOX,27.69,19.98,18/09,18/10,CUIDADOS COM O CABELO,1566,0,,
30377,TUFO NAIL QUEEN FIBRA DE VIDRO 50PCS,56.19,9.99,15/09,15/10,HIGIENE CORPORAL,0,1,,
30496,SAB EVEN SUAVE AGUA DE COCO 85G,2.69,1.99,24/08,23/09,HIGIENE CORPORAL,1285,0,,
30502,MASCARA SIAGE EUDORA NUTRI DIAMOND 250G,49.99,19.99,03/09,31/10,CUIDADOS COM O CABELO,4915,0,,
30594,KIT HAIR FLY SOS HIDRATACAO SH+COND,18.29,14.99,21/07,23/09,CUIDADOS COM O CABELO,3935,0,,
30595,KIT HAIR FLY SOS NUTRICAO SH+COND,18.29,14.99,21/07,23/09,CUIDADOS COM O CABELO,3935,0,,
30596,KIT HAIR FLY SOS RECONSTRUCAO SH+COND,18.29,14.99,21/07,23/09,CUIDADOS COM O CABELO,3935,0,,
30774,CR PENT SEDA COLAGENO + VITAMINA C 300ML,13.99,11.99,17/09,17/10,CUIDADOS COM O CABELO,1369,0,,
30775,COND SEDA COLAGENO + VITAMINA C 325ML,17.59,13.99,17/09,17/10,CUIDADOS COM O CABELO,2477,0,,
30787,KIT PANTENE BRILHO EXTREMO SH+COND,49.29,39.98,01/09,30/09,CUIDADOS COM O CABELO,3048,0,,
30869,GLITTER RK DIAMONDPOP B.M BG02B,31.69,15.90,05/08,31/10,MAQUIAGENS / ACESSORIOS,3933,1,,
30879,SH PANTENE COLAGENO 175ML,21.99,12.99,18/09,18/10,CUIDADOS COM O CABELO,2965,0,,
30880,SH PANTENE COLAGENO 300ML,34.49,29.98,01/09,15/10,CUIDADOS COM O CABELO,5411,1,,
30882,COND PANTENE COLAGENO 250ML,34.39,29.98,01/09,15/10,CUIDADOS COM O CABELO,5412,0,,
30908,KIT HAIR FLY SOS CACHEADAS E ONDULADAS SH+COND,18.29,14.99,21/07,23/09,CUIDADOS COM O CABELO,3935,1,,
30911,KIT SKALA #MAIS CACHOS SH+COND,19.49,17.99,05/09,30/09,CUIDADOS COM O CABELO,2946,0,,
31612,DESOD AERO REXONA ANTI TRANSPIRANTE UNITED 150ML,18.79,16.99,16/09,30/10,HIGIENE CORPORAL,1489,0,,
31802,COND SEDA JUNTINHOS BRILHO ENCANTADO 300ML,17.59,13.99,17/09,17/10,CUIDADOS COM O CABELO,2477,0,,
31803,CR PENT SEDA JUNTINHOS BRILHO ENCANTADO 300ML,13.99,11.99,17/09,17/10,CUIDADOS COM O CABELO,1369,0,,
32068,ESM HITS GEL GLITTER LONDRES 8ML,9.99,7.99,10/09,10/10,HIGIENE CORPORAL,3171,0,,
32069,ESM HITS GEL GLITTER VIERA 8ML,9.99,7.99,10/09,10/10,HIGIENE CORPORAL,3171,0,,
32070,ESM HITS GEL GLITTER GENEBRA 8ML,9.99,7.99,10/09,10/10,HIGIENE CORPORAL,3171,0,,
32071,ESM HITS GEL GLITTER MADRI 8ML,9.99,7.99,10/09,10/10,HIGIENE CORPORAL,3171,0,,
32072,ESM HITS GEL GLITTER OSLO 8ML,9.99,7.99,10/09,10/10,HIGIENE CORPORAL,3171,0,,
32073,ESM HITS GEL GLITTER ZURIQUE 8ML,9.99,7.99,10/09,10/10,HIGIENE CORPORAL,3171,0,,
32074,ESM HITS GEL GLITTER MILAO 8ML,9.99,7.99,10/09,10/10,HIGIENE CORPORAL,3171,0,,
32075,ESM HITS GEL GLITTER DUBAI 8ML,9.99,7.99,10/09,10/10,HIGIENE CORPORAL,3171,0,,
32076,ESM HITS GEL GLITTER LIMA 8ML,9.99,7.99,10/09,10/10,HIGIENE CORPORAL,3171,0,,
32077,ESM HITS GEL GLITTER ATLANTA 8ML,9.99,7.99,10/09,10/10,HIGIENE CORPORAL,3171,0,,
32079,ESM HITS GEL GLITTER GRAPE JELLY 8ML,9.99,7.99,10/09,10/10,HIGIENE CORPORAL,3171,0,,
32080,ESM HITS GEL GLITTER STRAMBERRY JELLY 8ML,9.99,7.99,10/09,10/10,HIGIENE CORPORAL,3171,0,,
32081,ESM HITS GEL GLITTER CHERRY JELLY 8ML,9.99,7.99,10/09,10/10,HIGIENE CORPORAL,3171,0,,
32082,ESM HITS GEL GLITTER LEMON JELLY 8ML,9.99,7.99,10/09,10/10,HIGIENE CORPORAL,3171,0,,
32083,ESM HITS GEL GLITTER CLEAR JELLY 8ML,9.99,7.99,10/09,10/10,HIGIENE CORPORAL,3171,0,,
32084,ESM HITS GEL GLITTER BLUEBERRY JELLY 8ML,9.99,7.99,10/09,10/10,HIGIENE CORPORAL,3171,0,,
32110,SEC TAIFF VULCAN ION 2500W,854.99,699.98,01/09,15/10,EQUIPAMENTOS DE BELEZA,0,1,,
32886,KIT PANTENE RESTAURACAO SH+COND GRTS AMP,49.29,39.98,01/09,30/09,CUIDADOS COM O CABELO,3048,0,,
32934,KIT SKALA GENETIQS SH+COND,19.49,17.99,05/09,30/09,CUIDADOS COM O CABELO,2946,0,,
33018,SAB EVEN SUAVE MEN 85G,2.69,1.99,24/08,23/09,HIGIENE CORPORAL,1285,0,,
33447,SH DOVE CACHEADOS TEXTURAS REAIS 200ML,22.69,9.99,12/08,30/09,CUIDADOS COM O CABELO,1475,0,,
33450,COND SEDA BOOM HIDRATACAO PRO CURVA 300ML,17.59,13.99,17/09,17/10,CUIDADOS COM O CABELO,2477,0,,
33584,KIT PANTENE RESTAURACAO SH+COND,49.29,39.98,01/09,30/09,CUIDADOS COM O CABELO,3048,0,,
33592,DESOD AERO DOVE MEN LIMAO 150ML,21.29,18.99,16/09,30/10,HIGIENE CORPORAL,1484,0,,
33593,DESOD AERO DOVE MEN EUCALIPTO 89G,21.29,18.99,16/09,30/10,HIGIENE CORPORAL,1484,0,,
33696,ESM CR NOVO TOQUE AZUL GOLACO 8ML,4.29,2.99,14/09,31/10,HIGIENE CORPORAL,4267,0,,
33697,ESM CR NOVO TOQUE VERDE DESIMPEDIDA 8ML,4.29,2.99,14/09,31/10,HIGIENE CORPORAL,4267,0,,
33698,ESM CR NOVO TOQUE AMARELO 8ML,4.29,2.99,14/09,31/10,HIGIENE CORPORAL,4267,0,,
33699,ESM GLITER NOVO TOQUE BRASILEIRINHA 8ML,4.29,2.99,14/09,31/10,HIGIENE CORPORAL,4267,0,,
33786,MASC HASKELL MANDIOCA 900G,101.99,84.99,15/09,27/09,CUIDADOS COM O CABELO,4907,1,,
33791,SH SEDA JUNTINHOS 2EM1 325ML,16.49,12.99,17/09,17/10,CUIDADOS COM O CABELO,2475,0,,
33794,SH SEDA JUNTINHOS CACHOS 300ML,16.49,12.99,17/09,17/10,CUIDADOS COM O CABELO,2475,0,,
33922,CILIOS RICCA VOL.1 MEDIO C  1 PAR 2671,14.39,9.99,15/09,15/10,MAQUIAGENS / ACESSORIOS,0,1,,
33923,COND SEDA JUNTINHOS MOANA 325ML,17.59,13.99,17/09,17/10,CUIDADOS COM O CABELO,2477,0,,
33956,SH PALMOLIVE HIALURONICO 350ML,12.39,7.90,09/09,30/09,CUIDADOS COM O CABELO,1260,1,,
33957,COND PALMOLIVE HIALURONICO 350ML,12.89,7.90,09/09,30/09,CUIDADOS COM O CABELO,1401,0,,
33958,DESOD AERO NIVEA F M BLACK PEARL 150ML,15.39,13.99,16/09,30/10,HIGIENE CORPORAL,1651,0,,
33988,ESM GLITER NOVO TOQUE REIVEILLON 8ML,4.29,2.99,14/09,31/10,HIGIENE CORPORAL,4267,0,,
33989,ESM GLITER NOVO TOQUE DOURADO 8ML,4.29,2.99,14/09,31/10,HIGIENE CORPORAL,4267,0,,
33990,ESM GLITER NOVO TOQUE COSTELACAO 8ML,4.29,2.99,14/09,31/10,HIGIENE CORPORAL,4267,0,,
33991,ESM GLITER NOVO TOQUE PURPURINA 8ML,4.29,2.99,14/09,31/10,HIGIENE CORPORAL,4267,0,,
33992,ESM GLITER NOVO TOQUE PRATA 8ML,4.29,2.99,14/09,31/10,HIGIENE CORPORAL,4267,0,,
34029,ESM GLITER NOVO TOQUE ENERGIA 8ML,4.29,2.99,14/09,31/10,HIGIENE CORPORAL,4267,0,,
34076,SAND IPANEMA BRASIL AD AJ571 AZ BC 37 38 43 44,34.99,27.99,02/09,30/09,CALCADOS,4314,1,,
34077,SAND IPANEMA BRASIL AD AJ569 BC BC 37 38 43 44,34.99,27.99,02/09,30/09,CALCADOS,4314,0,,
34078,SAND IPANEMA BRASIL AD AJ570 PT PT 37 38 43 44,34.99,27.99,02/09,30/09,CALCADOS,4314,0,,
34232,MASCARA SIAGE EUDORA NUTRI OURO 250G,49.99,19.99,03/09,31/10,CUIDADOS COM O CABELO,4915,0,,
34233,MASCARA SIAGE EUDORA LOIRO EXPERT 250G,49.99,19.99,03/09,31/10,CUIDADOS COM O CABELO,4915,1,,
34278,BTX PLANCTON ORGHANIC PREMIUM 1K,141.39,125.99,21/09,22/09,CUIDADOS COM O CABELO,5767,0,,
34313,COND PALMOLIVE FORCA E COLAGENO 350G,12.89,7.90,09/09,30/09,CUIDADOS COM O CABELO,1401,0,,
34321,SH PALMOLIVE FORCA E COLAGENO 350ML,12.39,7.90,09/09,30/09,CUIDADOS COM O CABELO,1260,0,,
34386,SH PANTENE EQUILIBRIO 175ML,20.39,12.99,18/09,18/10,CUIDADOS COM O CABELO,2965,0,,
34494,HID PANTENE RESTAURACAO 270ML,48.69,29.97,29/08,28/09,CUIDADOS COM O CABELO,5527,0,,
34622,SAB ALBANY HIDRATACAO INTENSIVA AZUL 85G,2.49,1.99,17/09,17/10,HIGIENE CORPORAL,4390,0,,
34623,SAB ALBANY HIDRATACAO NUTRITIVA 80G,2.49,1.99,17/09,17/10,HIGIENE CORPORAL,4390,0,,
34624,SAB ALBANY HIDRATACAO SUAVIZANTE 80G,2.49,1.99,17/09,17/10,HIGIENE CORPORAL,4390,0,,
34625,SAB ALBANY MEN 4EM1 80G,2.49,1.99,17/09,17/10,HIGIENE CORPORAL,4390,0,,
34626,SAB ALBANY MEN ANTIBACTERIANO OLEOSIDADE 80G,2.49,1.99,17/09,17/10,HIGIENE CORPORAL,4390,0,,
34627,SAB ALBANY MEN ANTIBACTERIANO ODOR 80G,2.49,1.99,17/09,17/10,HIGIENE CORPORAL,4390,0,,
34676,MASCARA SIAGE EUDORA NUTRI ROSE 250G,49.99,19.99,03/09,31/10,CUIDADOS COM O CABELO,4915,0,,
34677,MASCARA SIAGE EUDORA RECONSTROI OS FIOS 250G,49.99,19.99,03/09,31/10,CUIDADOS COM O CABELO,4915,0,,
34795,ANTI-SEP COLGATE PLAX FRESH MINT L750P500ML,24.29,17.99,16/09,16/10,CUIDADOS BUCAL,4808,0,,
34796,ANTI-SEP COLGATE PLAX ODOR CONTROL 250ML,17.29,12.99,18/09,18/10,CUIDADOS BUCAL,1458,0,,
35113,MASCARA SIAGE EUDORA HIDRATACAO MICELAR 250G,49.99,19.99,03/09,31/10,CUIDADOS COM O CABELO,4915,0,,
35117,MASCARA SIAGE EUDORA ACELERA CRESCIMENTO 250G,49.99,19.99,03/09,31/10,CUIDADOS COM O CABELO,4915,0,,
35146,KIT SKALA OLEO ARGAN SH+COND,19.49,17.99,05/09,30/09,CUIDADOS COM O CABELO,2946,0,,
35532,MASCARA SIAGE EUDORA CICA THERAPY 250G,49.99,19.99,03/09,31/10,CUIDADOS COM O CABELO,4915,0,,
35538,MASCARA SIAGE EUDORA HAIR PLASTIA 250G,49.99,19.99,03/09,31/10,CUIDADOS COM O CABELO,4915,0,,
35766,KIT PANTENE HIDROCAUTERIZACAO SH350+COND,49.29,39.98,01/09,30/09,CUIDADOS COM O CABELO,3048,0,,
35767,MASC HASKELL MURUMURU 900G,101.99,84.99,15/09,27/09,CUIDADOS COM O CABELO,4907,0,,
35774,CR DENT COLGATE TOTAL CARVAO ATIVADO 180G,18.99,16.90,16/09,30/09,CUIDADOS BUCAL,5018,0,,
35775,ANTI-SEP COLGATE PLAX ODOR CONTROL L750P500ML,24.29,17.99,16/09,16/10,CUIDADOS BUCAL,4808,1,,
36068,SAB PALMOLIVE NUTRICAO E SUAVIDADE GELEIA 150G,4.99,3.99,16/09,30/10,HIGIENE CORPORAL,1327,0,,
36144,DESOD AERO NIVEA F M DEEP BEAT 150ML,15.39,13.99,16/09,30/10,HIGIENE CORPORAL,1651,0,,
36236,COND ALYNE OLEO DE COCO 2L,33.39,27.99,21/09,22/09,CUIDADOS COM O CABELO,4546,0,,
36237,COND ALYNE PESSEGO 2L,33.39,27.99,21/09,22/09,CUIDADOS COM O CABELO,4546,1,,
36245,SH ALYNE NEUTRO 5L,73.79,61.99,21/09,22/09,CUIDADOS COM O CABELO,4549,1,,
36246,SH ALYNE MENTOL 5L,73.79,61.99,21/09,22/09,CUIDADOS COM O CABELO,4549,0,,
36247,SH ALYNE PESSEGO 5L,73.79,61.99,21/09,22/09,CUIDADOS COM O CABELO,4549,0,,
36248,SH ALYNE OLEO DE COCO 5L,73.79,61.99,21/09,22/09,CUIDADOS COM O CABELO,4549,0,,
36249,SH ALYNE ANTIRRESIDUOS 5L,73.79,61.99,21/09,22/09,CUIDADOS COM O CABELO,4549,0,,
36257,SAB LIQ ALYNE DELICADERM ESFOLIANTE MORANGO 180ML,20.69,17.99,14/09,31/10,HIGIENE CORPORAL,4552,1,,
36258,SAB LIQ ALYNE DELICADERM ESFOLIANTE CAMOMILA 180ML,20.69,17.99,14/09,31/10,HIGIENE CORPORAL,4552,0,,
36297,SUPERMASCARA HASKELL ACELERADORA DE FORCA 240G,62.79,49.99,15/09,27/09,CUIDADOS COM O CABELO,4559,0,,
36298,SUPERMASCARA HASKELL REDUTOR DE PH 240G,62.79,49.99,15/09,27/09,CUIDADOS COM O CABELO,4559,1,,
36299,SUPERMASCARA HASKELL BRILHO ESPELHADO 240G,62.79,49.99,15/09,27/09,CUIDADOS COM O CABELO,4559,0,,
36300,SUPERMASCARA HASKELL DISCIPLINANTE ANTIFRIZZ 240G,62.79,49.99,15/09,27/09,CUIDADOS COM O CABELO,4559,0,,
36349,ESPONJA ZALIKE AIR CUSCHION 317 C 2,12.29,9.99,15/09,15/10,MAQUIAGENS / ACESSORIOS,0,1,,
36381,SAB PALMOLIVE NATURALS SENSACAO PURIFICANTE 85G,3.29,2.49,16/09,30/10,HIGIENE CORPORAL,1853,0,,
36429,BASE RK FLUIDA 220,26.29,13.99,05/08,31/10,MAQUIAGENS / ACESSORIOS,4576,1,,
36432,BASE RK FLUIDA 315,26.29,13.99,05/08,31/10,MAQUIAGENS / ACESSORIOS,4576,0,,
36528,MASCARA SIAGE EUDORA GLOW EXPERT 250G,49.99,19.99,03/09,31/10,CUIDADOS COM O CABELO,4915,0,,
36567,SAB ALBANY ROSA AVELUDADA 80G,2.49,1.99,17/09,17/10,HIGIENE CORPORAL,4390,0,,
36568,SAB ALBANY LIRIO SELVAGEM 80G,2.49,1.99,17/09,17/10,HIGIENE CORPORAL,4390,1,,
36736,CR DENT ORAL B 4EM1 180G,12.79,9.99,21/08,20/09,CUIDADOS BUCAL,0,1,,
36766,MASC VITISS TUTANO 1K,95.29,79.99,21/09,22/09,CUIDADOS COM O CABELO,5196,0,,
36812,ESM HITS GEL GLITTER DIAMANTE VERDE AURORA 8ML,9.99,7.99,10/09,10/10,HIGIENE CORPORAL,3171,0,,
36813,ESM HITS GEL GLITTER DIAMANTE ROSA ETERNO 8ML,9.99,7.99,10/09,10/10,HIGIENE CORPORAL,3171,0,,
36816,ESM HITS GEL GLITTER DIAMANTE SAKURA 8ML,9.99,7.99,10/09,10/10,HIGIENE CORPORAL,3171,0,,
36817,ESM HITS GEL GLITTER DIAMANTE LUA AZUL 8ML,9.99,7.99,10/09,10/10,HIGIENE CORPORAL,3171,0,,
36818,ESM HITS GEL GLITTER DIAMANTE ESTRELA 8ML,9.99,7.99,10/09,10/10,HIGIENE CORPORAL,3171,1,,
36828,ESM HITS GEL GLITTER DIAMANTE DE FOGO 8ML,9.99,7.99,10/09,10/10,HIGIENE CORPORAL,3171,0,,
36855,SEC TUTTI SILIENCIAR 2200W 220V ENGEREUS,399.98,299.98,01/09,15/10,EQUIPAMENTOS DE BELEZA,0,1,,
36867,PRANCHA LION  PRO TITTAN 500F COBRE BIVOLT,481.29,399.98,10/09,10/10,EQUIPAMENTOS DE BELEZA,0,1,,
36983,SAB ALBANY ANTIBACTERIANO BRANCO 85G,2.49,1.99,17/09,17/10,HIGIENE CORPORAL,4390,0,,
36984,SAB ALBANY LIMPEZA CUIDADO 85G,2.49,1.99,17/09,17/10,HIGIENE CORPORAL,4390,0,,
36985,SAB ALBANY LAVANDA DELICADA 80G,2.49,1.99,17/09,17/10,HIGIENE CORPORAL,4390,0,,
36986,SAB ALBANY FRUTAS VERMELHAS 80G,2.49,1.99,17/09,17/10,HIGIENE CORPORAL,4390,0,,
37131,LOCAO TONICA LABOTRAT ADSTRINGENTE FACIAL 100ML,19.29,14.99,11/09,11/10,HIGIENE CORPORAL,0,1,,
37133,ESFOLIANTE LABOTRAT PESSEGO 300G,31.99,25.99,11/09,11/10,HIGIENE CORPORAL,3493,1,,
37134,HID LABOTRAT MELANCIA 190G,24.29,19.98,11/09,11/10,HIGIENE CORPORAL,4646,1,,
37135,HID LABOTRAT MARACUJA 190G,24.29,19.98,11/09,11/10,HIGIENE CORPORAL,4646,0,,
37165,BTX HAIR FLY TANOX ORGANIC 200G,29.99,24.99,24/08,23/09,CUIDADOS COM O CABELO,2610,1,,
37265,SH HEAD SHOULDERS OLD SPICE 200ML,23.29,19.98,21/08,20/09,CUIDADOS COM O CABELO,1317,0,,
37300,MASC HASKELL CAVALO FORTE HIDRA 500G,79.59,55.99,01/09,30/09,CUIDADOS COM O CABELO,0,1,,
37301,MASC HASKELL CAVALO FORTE HIDRA 300G,56.29,39.99,01/09,30/09,CUIDADOS COM O CABELO,0,1,,
37302,SH HASKELL HIDRA CAVALO FORTE 500ML,77.99,54.59,01/09,30/09,CUIDADOS COM O CABELO,0,1,,
37304,SH HASKELL HIDRA CAVALO FORTE 300ML,53.99,37.99,01/09,30/09,CUIDADOS COM O CABELO,0,1,,
37305,COND HASKELL HIDRA CAVALO FORTE 300ML,53.99,37.79,01/09,30/09,CUIDADOS COM O CABELO,0,1,,
37307,LEAVE IN HASKELL CAVALO FORTE HIDRA 120ML,50.89,35.59,01/09,30/09,CUIDADOS COM O CABELO,0,1,,
37311,PROT MULTIFUNCIONAL HASKELL HIDRA CAVALO FORTE 150G,54.79,38.99,01/09,30/09,CUIDADOS COM O CABELO,0,1,,
37432,PINCEL ZALIKE HEXAGONAL REF 8221,19.99,9.99,15/09,15/10,CABELEIREIROS,0,1,,
37462,MASCARA SIAGE EUDORA COMBATE O FRIZZ 250G,49.99,19.99,03/09,31/10,CUIDADOS COM O CABELO,4915,0,,
37479,MASCARA SIAGE EUDORA LISO INTENSO 250G,49.99,19.99,03/09,31/10,CUIDADOS COM O CABELO,4915,0,,
37503,BATOM VULT MATTE LIPS ROSE,20.69,9.99,15/09,15/10,MAQUIAGENS / ACESSORIOS,4692,0,,
37504,BATOM VULT MATTE LIPS AVELA,20.69,9.99,15/09,15/10,MAQUIAGENS / ACESSORIOS,4692,0,,
37507,BATOM VULT MATTE LIPS VERMELHO CARMIM,20.69,9.99,15/09,15/10,MAQUIAGENS / ACESSORIOS,4692,0,,
37508,BATOM VULT MATTE LIPS CASTANHO,20.69,9.99,15/09,15/10,MAQUIAGENS / ACESSORIOS,4692,0,,
37509,BATOM VULT MATTE LIPS VERMELHO PURO,20.69,9.99,15/09,15/10,MAQUIAGENS / ACESSORIOS,4692,1,,
37512,BATOM VULT MATTE LIPS MARROM MASCAVO,20.69,9.99,15/09,15/10,MAQUIAGENS / ACESSORIOS,4692,0,,
37513,GLOSS VULT LIPS 24/7 RUBI,24.99,9.99,15/09,15/10,MAQUIAGENS / ACESSORIOS,4694,1,,
37514,GLOSS VULT LIPS 24/7 INCOLOR,24.99,9.99,15/09,15/10,MAQUIAGENS / ACESSORIOS,4694,0,,
37519,BATOM VULT MATTE LIPS MACADAMIA,20.69,9.99,15/09,15/10,MAQUIAGENS / ACESSORIOS,4692,0,,
37525,CR VULT FACIAL ANTISSINAIS 100G,27.29,19.99,14/09,31/10,HIGIENE CORPORAL,4698,0,,
37526,CR VULT FACIAL UNIFORMIZADOR 100G,27.29,19.99,14/09,31/10,HIGIENE CORPORAL,4698,1,,
37527,GEL VULT FACIAL HIDRATANTE 100G,25.59,19.99,14/09,31/10,HIGIENE CORPORAL,0,1,,
37801,SAB PALMOLIVE NATURALS MELANCIA E LICHIA 85G,3.29,2.49,16/09,30/10,HIGIENE CORPORAL,1853,0,,
37802,SAB PALMOLIVE NATURALS HIDRATACAO REFRESCANTE 150G,4.99,3.99,16/09,30/10,HIGIENE CORPORAL,1327,0,,
37803,SAB PALMOLIVE NATURALS FRESCOR NUTRITIVO 150G,4.99,3.99,16/09,30/10,HIGIENE CORPORAL,1327,0,,
37804,SAB PALMOLIVE NATURALS FRESCOR NUTRITIVO 85G,3.29,2.49,16/09,30/10,HIGIENE CORPORAL,1853,0,,
37924,ESC SECADOR GAMA STYLISH KERATION BRUSH 3D,167.59,99.99,10/09,10/10,EQUIPAMENTOS DE BELEZA,0,1,,
38004,SH PANTENE QUERATINA 175ML,21.99,12.99,18/09,18/10,CUIDADOS COM O CABELO,2965,0,,
38070,CR PENT YAMA CURLY REPAIR 250G,19.39,9.99,15/09,15/10,CUIDADOS COM O CABELO,0,1,,
38184,ANTI-SEP COLGATE PLAX ODOR CONTROL 500ML,23.29,16.99,18/09,18/10,CUIDADOS BUCAL,1455,0,,
38397,SAB LIQ PROTEX VITAMINA E 650ML,43.89,34.99,18/09,18/10,HIGIENE CORPORAL,4983,0,,
38411,GLITTER VULT COLORS BLOQUINHO DOURADO 1G,14.99,9.99,15/09,15/10,MAQUIAGENS / ACESSORIOS,4809,1,,
38412,GLITTER VULT COLORS PRATA PAETE 1G,14.99,9.99,15/09,15/10,MAQUIAGENS / ACESSORIOS,4809,0,,
38413,GLITTER VULT COLORS CHUVA DE PRATA 1G,14.99,9.99,15/09,15/10,MAQUIAGENS / ACESSORIOS,4809,0,,
38418,ESC DENT SORRISO FRESH FAMILIA C/5,38.89,14.90,16/09,30/09,CUIDADOS BUCAL,0,1,,
38463,SH SEDA PROBIOTICO + BIOTINA 325ML,16.49,12.99,17/09,17/10,CUIDADOS COM O CABELO,2475,0,,
38464,COND SEDA PROBIOTICO + BIOTINA 325ML,17.59,13.99,17/09,17/10,CUIDADOS COM O CABELO,2477,0,,
38633,HID LABOTRAT MORANGO 190G,24.29,19.98,11/09,11/10,HIGIENE CORPORAL,4646,0,,
38699,CR TRAT SKALA ACACHONADOS 1K,14.89,13.99,04/09,30/09,CUIDADOS COM O CABELO,1434,0,,
38747,SERUM ELSEVE GLYCOLIC GLOSS 100ML,56.89,48.99,21/09,22/09,CUIDADOS COM O CABELO,1833,0,,
38781,ESM CR NOVO TOQUE FESTIVAL 8ML,4.29,2.99,14/09,31/10,HIGIENE CORPORAL,4267,0,,
38782,ESM CR NOVO TOQUE HIT 8ML,4.29,2.99,14/09,31/10,HIGIENE CORPORAL,4267,0,,
38783,ESM GLITER NOVO TOQUE EM ALTA 8ML,4.29,2.99,14/09,31/10,HIGIENE CORPORAL,4267,0,,
38784,ESM CR NOVO TOQUE PLAYLIST 8ML,4.29,2.99,14/09,31/10,HIGIENE CORPORAL,4267,0,,
38785,ESM CR NOVO TOQUE REMIX 8ML,4.29,2.99,14/09,31/10,HIGIENE CORPORAL,4267,0,,
38786,ESM CR NOVO TOQUE SOLTA O SOM 8ML,4.29,2.99,14/09,31/10,HIGIENE CORPORAL,4267,0,,
38787,ESM CR NOVO TOQUE TRAT BASE BOMBA 8ML,4.29,2.99,14/09,31/10,HIGIENE CORPORAL,4267,0,,
38788,ESM CR NOVO TOQUE TRAT BASE CETIM 8ML,4.29,2.99,14/09,31/10,HIGIENE CORPORAL,4267,0,,
38789,ESM CR NOVO TOQUE TRAT BASE COLAGENO 8ML,4.29,2.99,14/09,31/10,HIGIENE CORPORAL,4267,0,,
38790,ESM CR NOVO TOQUE TRAT BASE FORTE 8ML,4.29,2.99,14/09,31/10,HIGIENE CORPORAL,4267,0,,
38791,ESM CR NOVO TOQUE TRAT BASE FOSCA 8ML,4.29,2.99,14/09,31/10,HIGIENE CORPORAL,4267,0,,
38792,ESM CR NOVO TOQUE TRAT BASE NIVELADORA 8ML,4.29,2.99,14/09,31/10,HIGIENE CORPORAL,4267,0,,
38793,ESM CR NOVO TOQUE TRAT BASE ROSA 8ML,4.29,2.99,14/09,31/10,HIGIENE CORPORAL,4267,0,,
38794,ESM CR NOVO TOQUE INCOLOR 8ML,4.29,2.99,14/09,31/10,HIGIENE CORPORAL,4267,0,,
38795,ESM CINT NOVO TOQUE BRANCO 8ML,4.29,2.99,14/09,31/10,HIGIENE CORPORAL,4267,0,,
38796,ESM CINT NOVO TOQUE DONA FLOR 8ML,4.29,2.99,14/09,31/10,HIGIENE CORPORAL,4267,0,,
38797,ESM CINT NOVO TOQUE GABRIELA 8ML,4.29,2.99,14/09,31/10,HIGIENE CORPORAL,4267,0,,
38798,ESM CINT NOVO TOQUE FLOR DE LIZ 8ML,4.29,2.99,14/09,31/10,HIGIENE CORPORAL,4267,0,,
38799,ESM CINT NOVO TOQUE NEON 8ML,4.29,2.99,14/09,31/10,HIGIENE CORPORAL,4267,0,,
38800,ESM CINT NOVO TOQUE PRATA 8ML,4.29,2.99,14/09,31/10,HIGIENE CORPORAL,4267,0,,
38801,ESM CINT NOVO TOQUE ROSA BEBE 8ML,4.29,2.99,14/09,31/10,HIGIENE CORPORAL,4267,0,,
38811,ESM CR NOVO TOQUE 40 GRAUS 8ML,4.29,2.99,14/09,31/10,HIGIENE CORPORAL,4267,0,,
38812,ESM CR NOVO TOQUE AMEIXA 8ML,4.29,2.99,14/09,31/10,HIGIENE CORPORAL,4267,0,,
38813,ESM CR NOVO TOQUE AMEI 8ML,4.29,2.99,14/09,31/10,HIGIENE CORPORAL,4267,0,,
38814,ESM CR NOVO TOQUE AREIA 8ML,4.29,2.99,14/09,31/10,HIGIENE CORPORAL,4267,0,,
38815,ESM CR NOVO TOQUE ASA DELTA 8ML,4.29,2.99,14/09,31/10,HIGIENE CORPORAL,4267,0,,
38816,ESM CR NOVO TOQUE BALI 8ML,4.29,2.99,14/09,31/10,HIGIENE CORPORAL,4267,0,,
38817,ESM CR NOVO TOQUE BALONE 8ML,4.29,2.99,14/09,31/10,HIGIENE CORPORAL,4267,0,,
38818,ESM CR NOVO TOQUE BRANCO 8ML,4.29,2.99,14/09,31/10,HIGIENE CORPORAL,4267,0,,
38819,ESM CR NOVO TOQUE CAFE 8ML,4.29,2.99,14/09,31/10,HIGIENE CORPORAL,4267,0,,
38820,ESM CR NOVO TOQUE CHARME 8ML,4.29,2.99,14/09,31/10,HIGIENE CORPORAL,4267,0,,
38821,ESM CR NOVO TOQUE CHARMOSA 8ML,4.29,2.99,14/09,31/10,HIGIENE CORPORAL,4267,0,,
38837,ESM CR NOVO TOQUE COBERTOR QUENTINHO 8ML,4.29,2.99,14/09,31/10,HIGIENE CORPORAL,4267,0,,
38838,ESM CR NOVO TOQUE COLOR BLOCK 8ML,4.29,2.99,14/09,31/10,HIGIENE CORPORAL,4267,0,,
38839,ESM CR NOVO TOQUE CONHAQUE 8ML,4.29,2.99,14/09,31/10,HIGIENE CORPORAL,4267,0,,
38840,ESM CR NOVO TOQUE COPACABANA 8ML,4.29,2.99,14/09,31/10,HIGIENE CORPORAL,4267,0,,
38841,ESM CR NOVO TOQUE DIAS DE LUTA 8ML,4.29,2.99,14/09,31/10,HIGIENE CORPORAL,4267,0,,
38842,ESM CR NOVO TOQUE DOMADORA 8ML,4.29,2.99,14/09,31/10,HIGIENE CORPORAL,4267,0,,
38843,ESM CR NOVO TOQUE DONA DE MIM 8ML,4.29,2.99,14/09,31/10,HIGIENE CORPORAL,4267,0,,
38844,ESM CR NOVO TOQUE ELEGANTE 8ML,4.29,2.99,14/09,31/10,HIGIENE CORPORAL,4267,0,,
38845,ESM CR NOVO TOQUE EMPODERADA 8ML,4.29,2.99,14/09,31/10,HIGIENE CORPORAL,4267,0,,
38846,ESM CR NOVO TOQUE ENIGMA 8ML,4.29,2.99,14/09,31/10,HIGIENE CORPORAL,4267,0,,
38847,ESM CR NOVO TOQUE FLOR DE LIZ 8ML,4.29,2.99,14/09,31/10,HIGIENE CORPORAL,4267,0,,
38848,ESM CR NOVO TOQUE FULGOR 8ML,4.29,2.99,14/09,31/10,HIGIENE CORPORAL,4267,0,,
38849,ESM CR NOVO TOQUE GABRIELA 8ML,4.29,2.99,14/09,31/10,HIGIENE CORPORAL,4267,0,,
38850,ESM CR NOVO TOQUE GOIABA 8ML,4.29,2.99,14/09,31/10,HIGIENE CORPORAL,4267,0,,
38851,ESM CR NOVO TOQUE INSPIRADORA 8ML,4.29,2.99,14/09,31/10,HIGIENE CORPORAL,4267,0,,
38852,ESM CR NOVO TOQUE MOCA BONITA 8ML,4.29,2.99,14/09,31/10,HIGIENE CORPORAL,4267,0,,
38853,ESM CR NOVO TOQUE MORANGO 8ML,4.29,2.99,14/09,31/10,HIGIENE CORPORAL,4267,0,,
38854,ESM CR NOVO TOQUE NUDES 8ML,4.29,2.99,14/09,31/10,HIGIENE CORPORAL,4267,0,,
38855,ESM CR NOVO TOQUE PECA A CHAVE 8ML,4.29,2.99,14/09,31/10,HIGIENE CORPORAL,4267,0,,
38856,ESM CR NOVO TOQUE PE NA AREIA 8ML,4.29,2.99,14/09,31/10,HIGIENE CORPORAL,4267,0,,
38857,ESM CR NOVO TOQUE PRETO 8ML,4.29,2.99,14/09,31/10,HIGIENE CORPORAL,4267,0,,
38858,ESM CR NOVO TOQUE QUERO VIAJAR 8ML,4.29,2.99,14/09,31/10,HIGIENE CORPORAL,4267,0,,
38859,ESM CR NOVO TOQUE ROSA ANTIGO 8ML,4.29,2.99,14/09,31/10,HIGIENE CORPORAL,4267,0,,
38860,ESM CR NOVO TOQUE ROSA BEBE 8ML,4.29,2.99,14/09,31/10,HIGIENE CORPORAL,4267,0,,
38861,ESM CR NOVO TOQUE ROSA CHICLETE 8ML,4.29,2.99,14/09,31/10,HIGIENE CORPORAL,4267,0,,
38862,ESM CR NOVO TOQUE SENSUAL 8ML,4.29,2.99,14/09,31/10,HIGIENE CORPORAL,4267,0,,
38863,ESM CR NOVO TOQUE TBT 8ML,4.29,2.99,14/09,31/10,HIGIENE CORPORAL,4267,0,,
38867,KIT SKALA BOMBA BIOTINA SH+COND,19.49,17.99,05/09,30/09,CUIDADOS COM O CABELO,2946,0,,
38868,KIT SKALA CRESPINHO SH+COND,19.49,17.99,05/09,30/09,CUIDADOS COM O CABELO,2946,0,,
38869,KIT SKALA RAIZES MORRO SH+COND,19.49,17.99,05/09,30/09,CUIDADOS COM O CABELO,2946,0,,
38881,ESM CR NOVO TOQUE CEREJA 8ML,4.29,2.99,14/09,31/10,HIGIENE CORPORAL,4267,0,,
38884,ESM CR NOVO TOQUE TIETA 8ML,4.29,2.99,14/09,31/10,HIGIENE CORPORAL,4267,0,,
38885,ESM CR NOVO TOQUE TO DE FERIAS 8ML,4.29,2.99,14/09,31/10,HIGIENE CORPORAL,4267,0,,
38886,ESM GLITER NOVO TOQUE EU SOU BRILHANTE 8ML,4.29,2.99,14/09,31/10,HIGIENE CORPORAL,4267,0,,
38887,ESM GLITER NOVO TOQUE BONS DRINKS 8ML,4.29,2.99,14/09,31/10,HIGIENE CORPORAL,4267,0,,
38888,ESM GLITER NOVO TOQUE COLOMBINA 8ML,4.29,2.99,14/09,31/10,HIGIENE CORPORAL,4267,1,,
38889,ESM GLITER NOVO TOQUE DAMA RELUZENTE 8ML,4.29,2.99,14/09,31/10,HIGIENE CORPORAL,4267,0,,
38890,ESM GLITER NOVO TOQUE FACANHA 8ML,4.29,2.99,14/09,31/10,HIGIENE CORPORAL,4267,0,,
38891,ESM GLITER NOVO TOQUE FASHIONISTA 8ML,4.29,2.99,14/09,31/10,HIGIENE CORPORAL,4267,0,,
38892,ESM GLITER NOVO TOQUE FLOCOS DE NEVE 8ML,4.29,2.99,14/09,31/10,HIGIENE CORPORAL,4267,0,,
38893,ESM GLITER NOVO TOQUE PAETES 8ML,4.29,2.99,14/09,31/10,HIGIENE CORPORAL,4267,0,,
38894,ESM GLITER NOVO TOQUE SELFIE 8ML,4.29,2.99,14/09,31/10,HIGIENE CORPORAL,4267,0,,
38895,ESM GLITER NOVO TOQUE TA NA MODA 8ML,4.29,2.99,14/09,31/10,HIGIENE CORPORAL,4267,0,,
38896,ESM GLITER NOVO TOQUE LIVE TOP 8ML,4.29,2.99,14/09,31/10,HIGIENE CORPORAL,4267,0,,
38897,ESM GLITER NOVO TOQUE CACHECOL PEROLADO 8ML,4.29,2.99,14/09,31/10,HIGIENE CORPORAL,4267,0,,
38898,ESM GLITER NOVO TOQUE CHUVA PEROLADO 8ML,4.29,2.99,14/09,31/10,HIGIENE CORPORAL,4267,0,,
38899,ESM GLITER NOVO TOQUE GRECIA 8ML,4.29,2.99,14/09,31/10,HIGIENE CORPORAL,4267,0,,
38900,ESM GLITER NOVO TOQUE MAGICA 8ML,4.29,2.99,14/09,31/10,HIGIENE CORPORAL,4267,0,,
38901,ESM GLITER NOVO TOQUE PRECISO DE TERAPIA 8ML,4.29,2.99,14/09,31/10,HIGIENE CORPORAL,4267,0,,
38902,ESM GLITER NOVO TOQUE DOURADO 8ML,4.29,2.99,14/09,31/10,HIGIENE CORPORAL,4267,0,,
38904,ESM CR NOVO TOQUE FADA 8ML,4.29,2.99,14/09,31/10,HIGIENE CORPORAL,4267,0,,
38905,ESM CR NOVO TOQUE NUDE 8ML,4.29,2.99,14/09,31/10,HIGIENE CORPORAL,4267,0,,
38906,ESM CR NOVO TOQUE PRATA 8ML,4.29,2.99,14/09,31/10,HIGIENE CORPORAL,4267,0,,
38907,ESM CR NOVO TOQUE RUBRO 8ML,4.29,2.99,14/09,31/10,HIGIENE CORPORAL,4267,0,,
38909,ESM CR NOVO TOQUE TRAT CASCO DE CAVALO 8ML,4.29,2.99,14/09,31/10,HIGIENE CORPORAL,4267,0,,
38911,ESM CR NOVO TOQUE TRAT CASCO DE TARTARUGA 8ML,4.29,2.99,14/09,31/10,HIGIENE CORPORAL,4267,0,,
38913,ESM CR NOVO TOQUE TRAT COBERTURA PERFUMADA 8ML,4.29,2.99,14/09,31/10,HIGIENE CORPORAL,4267,0,,
38915,ESM CR NOVO TOQUE TRAT EXTRA BRILHO 8ML,4.29,2.99,14/09,31/10,HIGIENE CORPORAL,4267,0,,
38916,ESM CR NOVO TOQUE TRAT MEGA BRILHO 8ML,4.29,2.99,14/09,31/10,HIGIENE CORPORAL,4267,0,,
38918,ESM CR NOVO TOQUE TRAT OLEO SECANTE 8ML,4.29,2.99,14/09,31/10,HIGIENE CORPORAL,4267,0,,
38919,ESM CR NOVO TOQUE TRAT CARMIM 8ML,4.29,2.99,14/09,31/10,HIGIENE CORPORAL,4267,0,,
38920,ESM CR NOVO TOQUE TRAT NUVEM 8ML,4.29,2.99,14/09,31/10,HIGIENE CORPORAL,4267,0,,
38921,ESM CR NOVO TOQUE TRAT NUVEM CLASSIC 8ML,4.29,2.99,14/09,31/10,HIGIENE CORPORAL,4267,0,,
38929,CR TRAT SKALA COLAGENO 1K,14.89,13.99,04/09,30/09,CUIDADOS COM O CABELO,1434,0,,
38933,SAB LIQ ALYNE DELICADERM ESFOLIANTE AMEIXA 180ML,20.69,17.99,14/09,31/10,HIGIENE CORPORAL,4552,0,,
38937,CR TRAT SKALA AMIDINHO DE MILHO KIDS 1K,14.89,13.99,04/09,30/09,CUIDADOS COM O CABELO,1434,0,,
38938,CR TRAT SKALA MAIS CACHINHOS 1K,14.89,13.99,04/09,30/09,CUIDADOS COM O CABELO,1434,0,,
38939,CR TRAT SKALA DIVINA COR 1K,14.89,13.99,04/09,30/09,CUIDADOS COM O CABELO,1434,0,,
38942,CERA DEPILART MORNA 200G,24.69,17.99,27/08,26/09,DEPILACAO,0,1,,
38953,KIT ZALIKE ACESSORIOS MAQUIAGEM 3101,19.99,9.99,15/09,15/10,MAQUIAGENS / ACESSORIOS,0,1,,
38977,SAB PALMOLIVE NATURALS ESFOLIACAO DELICADA 150G,4.99,3.99,16/09,30/10,HIGIENE CORPORAL,1327,0,,
39001,ESM RISQUE BRIDGERTON DIAMANTE DA TEMPORADA 8ML,7.29,2.99,14/09,31/10,HIGIENE CORPORAL,4859,0,,
39002,ESM RISQUE BRIDGERTON O ESCANDALO DE WHISTLEDOWN 8ML,7.29,2.99,14/09,31/10,HIGIENE CORPORAL,4859,0,,
39003,ESM RISQUE BRIDGERTON A AUTORA REVELADA 8ML,7.29,2.99,14/09,31/10,HIGIENE CORPORAL,4859,0,,
39004,ESM RISQUE BRIDGERTON QUERIDA LEITORA 8ML,7.29,2.99,14/09,31/10,HIGIENE CORPORAL,4859,0,,
39006,ESM RISQUE BRIDGERTON REGENDO MINHA HISTORIA 8ML,7.29,2.99,14/09,31/10,HIGIENE CORPORAL,4859,0,,
39007,ESM RISQUE BRIDGERTON A VEZ DE PENELOPE 8ML,7.29,2.99,14/09,31/10,HIGIENE CORPORAL,4859,0,,
39008,ESM RISQUE BRIDGERTON UMA BELHA ME CONTOU... 8ML,7.29,2.99,14/09,31/10,HIGIENE CORPORAL,4859,0,,
39009,"ESM RISQUE BRIDGERTON SUA MAJESTADE, A RAINHA 8ML",7.29,2.99,14/09,31/10,HIGIENE CORPORAL,4859,0,,
39045,DESOD CR HERBISSIMO LAVANDA 55G,8.39,5.90,14/09,14/10,HIGIENE CORPORAL,1471,0,,
39098,MASC HASKELL INFUSAO DE OLEOS 500G,76.59,61.29,01/09,30/09,CUIDADOS COM O CABELO,0,1,,
39099,MASC HASKELL INFUSAO DE OLEOS 300G,59.79,47.89,01/09,30/09,CUIDADOS COM O CABELO,2721,1,,
39102,SH HASKELL INFUSAO DE OLEOS 300ML,51.79,41.49,01/09,30/09,CUIDADOS COM O CABELO,0,1,,
39103,COND HASKELL INFUSAO DE OLEOS 300ML,51.79,41.49,01/09,30/09,CUIDADOS COM O CABELO,0,1,,
39105,LEAVE IN HASKELL INFUSAO DE OLEOS 150G,53.29,42.69,01/09,30/09,CUIDADOS COM O CABELO,0,1,,
39106,FINALIZ HASKELL INFUSAO DE OLEOS 100ML,77.99,62.99,01/09,30/09,CUIDADOS COM O CABELO,0,1,,
39244,CR VULT FACIAL REPARADOR 100G,27.29,19.99,14/09,31/10,HIGIENE CORPORAL,4698,0,,
39397,MASCARA SIAGE EUDORA POS QUIMICA 250G,49.99,19.99,03/09,31/10,CUIDADOS COM O CABELO,4915,0,,
39405,DESOD AERO NIVEA FRESH SANSATION 150ML,15.39,13.99,16/09,30/10,HIGIENE CORPORAL,1651,0,,
39426,AP GILETTE MACH3 C/1UN CARBONO,47.99,19.99,15/09,15/10,DEPILACAO,0,1,,
39476,CREME ALISANTE NAZCA SFERA PROFISSIONAL NORMAL 1KG,88.99,73.99,21/09,22/09,CUIDADOS COM O CABELO,0,1,,
39479,SAB LIQ LABOTRAT MARACUJA DIA A DIA 190ML,23.49,15.99,11/09,11/10,HIGIENE CORPORAL,4928,1,,
39480,SAB LIQ LABOTRAT MELANCIA DIA A DIA 190ML,23.49,15.99,11/09,11/10,HIGIENE CORPORAL,4928,0,,
39616,ESM HITS GEL GLITTER DIAMANTE FANTASIA 8ML,9.99,7.99,10/09,10/10,HIGIENE CORPORAL,3171,0,,
39617,ESM HITS GEL GLITTER DIAMANTE OCEANO 8ML,9.99,7.99,10/09,10/10,HIGIENE CORPORAL,3171,0,,
39618,ESM HITS GEL GLITTER DIAMANTE FORTUNA 8ML,9.99,7.99,10/09,10/10,HIGIENE CORPORAL,3171,0,,
39619,ESM HITS GEL GLITTER DIAMANTE VIOLETA 8ML,9.99,7.99,10/09,10/10,HIGIENE CORPORAL,3171,0,,
39620,ESM HITS GEL GLITTER DIAMANTE CANARIO 8ML,9.99,7.99,10/09,10/10,HIGIENE CORPORAL,3171,0,,
39621,ESM HITS GEL GLITTER DIAMANTE LEGADO PINK 8ML,9.99,7.99,10/09,10/10,HIGIENE CORPORAL,3171,0,,
39677,BATOM VULT MATTE LIPS ROSE GOLD,20.69,9.99,15/09,15/10,MAQUIAGENS / ACESSORIOS,4692,0,,
39691,DESOD AERO NIVEA F M FRESH SENSATION 150ML,15.39,13.99,16/09,30/10,HIGIENE CORPORAL,1651,0,,
39703,MASC HASKELL TUTANO 900G,101.99,84.99,15/09,27/09,CUIDADOS COM O CABELO,4907,0,,
39816,KIT NIELY SALVA FIOS SH + COND,27.69,19.98,18/09,18/10,CUIDADOS COM O CABELO,1566,0,,
39823,SAB LIQ LABOTRAT PITAYA DIA A DIA 190ML,23.49,15.99,11/09,11/10,HIGIENE CORPORAL,4928,0,,
39825,HID LABOTRAT PITAYA 190G,24.29,19.98,11/09,11/10,HIGIENE CORPORAL,4646,0,,
39927,SAB LIQ PROTEX CREAM 650ML,43.89,34.99,18/09,18/10,HIGIENE CORPORAL,4983,0,,
39962,KIT PANTENE COLAGENO SH+COND,49.29,39.98,01/09,30/09,CUIDADOS COM O CABELO,3048,1,,
39963,KIT PANTENE QUERATINA SH+COND,49.29,39.98,01/09,30/09,CUIDADOS COM O CABELO,3048,0,,
39968,ANTI-SEP COLGATE PLAX ICE FUSION 250ML,17.29,12.99,18/09,18/10,CUIDADOS BUCAL,1458,0,,
40001,HIDRATANTE RICCA P/MAOS FRESH FLORAL 30G,16.39,9.99,10/09,10/10,HIGIENE CORPORAL,0,1,,
40221,SH HEAD SHOULDERS LIMPEZA EFICAZ 200ML,23.29,19.98,21/08,20/09,CUIDADOS COM O CABELO,1317,0,,
40222,SH HEAD SHOULDERS LIMPEZA EFICAZ 400ML,39.99,29.98,21/08,20/09,CUIDADOS COM O CABELO,3554,0,,
40223,OLEO PANTENE QUERATINA 95ML,50.29,39.98,29/08,28/09,CUIDADOS COM O CABELO,0,1,,
40224,SPRAY PANTENE QUERATINA 160ML,50.49,39.98,29/08,28/09,CUIDADOS COM O CABELO,0,1,,
40241,MASCARA SIAGE EUDORA CAUTERIZACAO DOS LISOS 250G,49.99,19.99,03/09,31/10,CUIDADOS COM O CABELO,4915,0,,
40245,CR PENT SEDA PREBIOTICOS + BIOTINA FRASC0 300ML,13.99,11.99,17/09,17/10,CUIDADOS COM O CABELO,1369,0,,
40252,DESOD AERO DOVE MEN INVISIBLE FRESH 150ML,21.29,18.99,16/09,30/10,HIGIENE CORPORAL,1484,0,,
40254,MASCARA SIAGE EUDORA PRO CRONOLOGY 250G,49.99,19.99,03/09,31/10,CUIDADOS COM O CABELO,4915,0,,
40316,PRANCHA TAIFF TITANIUM PROGRESS,609.79,476.99,21/09,22/09,EQUIPAMENTOS DE BELEZA,0,1,,
40420,SH HB BEAUTY RECONSTRUTOR OURO 24K 300ML,57.89,42.99,04/09,15/10,CUIDADOS COM O CABELO,0,1,,
40421,SH HB BEAUTY LISO ABOSLUTO 300ML,43.79,42.99,04/09,15/10,CUIDADOS COM O CABELO,0,1,,
40496,SOMBRA RK EM BASTAO ROSE GLAM,29.69,14.99,05/08,31/10,MAQUIAGENS / ACESSORIOS,5013,0,,
40497,SOMBRA RK EM BASTAO GOLD GLAM,29.69,14.99,05/08,31/10,MAQUIAGENS / ACESSORIOS,5013,1,,
40498,SOMBRA RK EM BASTAO BRONZE GLAM,29.69,14.99,05/08,31/10,MAQUIAGENS / ACESSORIOS,5013,0,,
40499,SOMBRA RK EM BASTAO COPPER GLAM,29.69,14.99,05/08,31/10,MAQUIAGENS / ACESSORIOS,5013,0,,
40500,SOMBRA RK EM BASTAO TITANIUM GLAM,29.69,14.99,05/08,31/10,MAQUIAGENS / ACESSORIOS,5013,0,,
40501,SOMBRA RK EM BASTAO PEARL GLAM,29.69,14.99,05/08,31/10,MAQUIAGENS / ACESSORIOS,5013,0,,
40565,ACIDIFICANTE SIAGE EUDORA RESGATE IMEDIATO 150ML,49.99,19.99,03/09,31/10,CUIDADOS COM O CABELO,0,1,,
40566,MASCARA SIAGE EUDORA RESGATE IMEDIATO 250G,49.99,19.99,03/09,31/10,CUIDADOS COM O CABELO,4915,0,,
40576,KIT LABOTRAT PITAYA HIDRATANTE + ESFOLIANTE,41.49,29.99,27/08,26/09,HIGIENE CORPORAL,5027,1,,
40577,KIT LABOTRAT MORANGO HIDRATANTE + ESFOLIANTE,41.49,29.99,27/08,26/09,HIGIENE CORPORAL,5027,0,,
40578,KIT LABOTRAT MARACUJA HIDRATANTE + ESFOLIANTE,41.49,29.99,27/08,26/09,HIGIENE CORPORAL,5027,0,,
40582,DESOD CR HERBISSIMO VANILLA 55G,8.39,5.90,14/09,14/10,HIGIENE CORPORAL,1471,0,,
40592,KIT SKALA ACACHONADOS SH+COND,19.49,17.99,05/09,30/09,CUIDADOS COM O CABELO,2946,0,,
40962,CR TRAT SKALA CACAU 1K,14.89,13.99,04/09,30/09,CUIDADOS COM O CABELO,1434,0,,
40977,SH DOVE BOND INTENSE REPAIR 175ML,23.79,14.99,25/08,30/09,CUIDADOS COM O CABELO,0,1,,
40978,LEAVE-IN SIAGE EUDORA PRO CRONOLOGY 100ML,49.99,19.99,03/09,30/09,CUIDADOS COM O CABELO,0,1,,
41158,KIT LABOTRAT MELANCIA HIDRATANTE + ESFOLIANTE,41.49,29.99,27/08,26/09,HIGIENE CORPORAL,5027,0,,
41204,CR TRAT SKALA MORANGO 1K,14.89,13.99,04/09,30/09,CUIDADOS COM O CABELO,1434,0,,
41205,CR TRAT SKALA UVA 1K,14.89,13.99,04/09,30/09,CUIDADOS COM O CABELO,1434,0,,
41331,CR TRAT SKALA MELANCIA 1K,14.89,13.99,04/09,30/09,CUIDADOS COM O CABELO,1434,1,,
41355,KIT SKALA MELANCIA SH+COND,19.49,17.99,05/09,30/09,CUIDADOS COM O CABELO,2946,0,,
41395,DESOD SECRET GEL PH BALANCED LAVENDER 45G,45.99,19.98,16/09,30/10,HIGIENE CORPORAL,5125,0,,
41396,DESOD SECRET GEL POWER PROTECT COTTON 45G,45.99,19.98,16/09,30/10,HIGIENE CORPORAL,5125,0,,
41398,HID PANTENE BAMBU 600ML,46.29,39.98,29/08,28/09,CUIDADOS COM O CABELO,0,1,,
41405,COND DARLING CERAMIDAS 350ML,10.79,7.90,27/08,30/09,CUIDADOS COM O CABELO,5127,0,,
41406,COND DARLING DETOX 350ML,10.79,7.90,27/08,30/09,CUIDADOS COM O CABELO,5127,0,,
41407,SH DARLING TILIA 350ML,9.79,7.90,27/08,30/09,CUIDADOS COM O CABELO,5128,0,,
41408,SH DARLING 2X1 350ML,9.79,7.90,27/08,30/09,CUIDADOS COM O CABELO,5128,1,,
41409,SH DARLING CERAMIDAS 350ML,9.79,7.90,27/08,30/09,CUIDADOS COM O CABELO,5128,0,,
41416,SH DARLING DETOX 350ML,9.79,7.90,27/08,30/09,CUIDADOS COM O CABELO,5128,0,,
41428,OLEO OX REPARADOR VITA GLOW 60ML,66.59,39.98,15/09,15/10,CUIDADOS COM O CABELO,0,1,,
41441,KIT OX HIDRATA SH + COND,47.89,42.99,16/09,30/10,CUIDADOS COM O CABELO,5137,1,,
41442,KIT OX LISOS SH + COND,47.89,42.99,16/09,30/10,CUIDADOS COM O CABELO,5137,0,,
41443,KIT OX NUTRE SH + COND,47.89,42.99,16/09,30/10,CUIDADOS COM O CABELO,5137,0,,
41444,TONICO OX VITA GLOW 30ML,32.29,14.99,15/09,15/10,CUIDADOS COM O CABELO,0,1,,
41445,ESCOVA RICCA MASSAGEADORA COURO CABELADO BRUSH FLEX,16.79,9.99,14/09,31/10,CUIDADOS COM O CABELO,0,1,,
41474,ESM HITS GEL PEROL INDENTIDADE 8ML,9.99,7.99,10/09,10/10,HIGIENE CORPORAL,3171,0,,
41475,ESM HITS GEL PEROL PLENITUDE 8ML,9.99,7.99,10/09,10/10,HIGIENE CORPORAL,3171,0,,
41476,ESM HITS GEL PEROL AMOR PROPRIO 8ML,9.99,7.99,10/09,10/10,HIGIENE CORPORAL,3171,0,,
41477,ESM HITS GEL PEROL SORORIDADE 8ML,9.99,7.99,10/09,10/10,HIGIENE CORPORAL,3171,0,,
41478,ESM HITS GEL PEROL MAGNETISMO 8ML,9.99,7.99,10/09,10/10,HIGIENE CORPORAL,3171,0,,
41479,ESM HITS GEL PEROL ESPIRITUALIDADE 8ML,9.99,7.99,10/09,10/10,HIGIENE CORPORAL,3171,0,,
41480,ESM HITS GEL PEROL BEM ESTAR 8ML,9.99,7.99,10/09,10/10,HIGIENE CORPORAL,3171,0,,
41481,ESM HITS GEL PEROL DESPERTAR 8ML,9.99,7.99,10/09,10/10,HIGIENE CORPORAL,3171,0,,
41524,"BALM VULT FRUITTELLA MORANGO 3,5G",23.29,9.99,15/09,15/10,MAQUIAGENS / ACESSORIOS,5149,1,,
41525,"BALM VULT FRUITTELLA CARAMELO 3,5G",23.29,9.99,15/09,15/10,MAQUIAGENS / ACESSORIOS,5149,0,,
41535,KIT SKALA MORANGO SH+COND,19.49,17.99,05/09,30/09,CUIDADOS COM O CABELO,2946,0,,
41536,KIT SKALA UVA SH+COND,19.49,17.99,05/09,30/09,CUIDADOS COM O CABELO,2946,0,,
41572,CR ESF GOTTIN ROSA MOSQUETA 250G,25.49,19.99,14/09,31/10,HIGIENE CORPORAL,0,1,,
41576,KIT HAIR FLY MUITO MAIS NUTRE SH + COND,39.99,29.99,24/08,23/09,CUIDADOS COM O CABELO,5153,0,,
41577,KIT HAIR FLY MUITO MAIS REPARA SH + COND,39.99,29.99,24/08,23/09,CUIDADOS COM O CABELO,5153,0,,
41578,KIT HAIR FLY MUITO MAIS HIDRATA SH + COND,39.99,29.99,24/08,23/09,CUIDADOS COM O CABELO,5153,1,,
41579,KIT HAIR FLY MUITO MAIS CACHOS SH + COND,39.99,29.99,24/08,23/09,CUIDADOS COM O CABELO,5153,0,,
41598,GEL DAILUS DE LIMPEZA SWEET FACIAL 150ML,28.29,19.99,14/09,31/10,MAQUIAGENS / ACESSORIOS,0,1,,
41606,LENCO UMED PAMPERS ALOE C/48UND,24.59,14.99,16/09,16/10,INFANTIS,0,1,,
41658,COND SEDA LUMINOUS UV 300ML,17.59,13.99,17/09,17/10,CUIDADOS COM O CABELO,2477,0,,
41659,SH SEDA LUMINOUS UV 300ML,16.49,12.99,17/09,17/10,CUIDADOS COM O CABELO,2475,0,,
41660,CR PENT SEDA LUMINOUS UV 300ML,13.99,11.99,17/09,17/10,CUIDADOS COM O CABELO,1369,0,,
41677,GEL FACIAL MONANGE LIMPEZA ANTIOLISIDADE 120ML,25.99,19.99,14/09,31/10,HIGIENE CORPORAL,0,1,,
41678,HID FACIAL MONANGE MATE ANTIOLISIDADE 80G,29.39,19.99,14/09,31/10,HIGIENE CORPORAL,5383,1,,
41702,CR PENT MURIEL UMIDILIZ ALECRIMBABOSA 925G,32.99,14.99,15/09,15/10,CUIDADOS COM O CABELO,5170,0,,
41703,CR PENT MURIEL UMIDILIZ BLEND OLEOS 925G,32.99,14.99,15/09,15/10,CUIDADOS COM O CABELO,5170,0,,
41704,CR PENT MURIEL UMIDILIZ BUBBLE GUM 925G,32.99,14.99,15/09,15/10,CUIDADOS COM O CABELO,5170,1,,
41705,CR PENT MURIEL UMIDILIZ KIDS MELANCIA 925G,32.99,14.99,15/09,15/10,CUIDADOS COM O CABELO,5170,0,,
41706,CR PENT MURIEL UMIDILIZ OLEO DE ARGAN 925G,32.99,14.99,15/09,15/10,CUIDADOS COM O CABELO,5170,0,,
41707,CR PENT MURIEL UMIDILIZ OLEO DE COCO 925G,32.99,14.99,15/09,15/10,CUIDADOS COM O CABELO,5170,0,,
41733,MASC VIZZAGE MANDIOCA E QUIABO 1K,139.99,82.99,10/09,10/10,CUIDADOS COM O CABELO,5179,1,,
41740,MASC VIZZAGE SOS RECONSTRUCAO TOTAL 1K,139.99,82.99,10/09,10/10,CUIDADOS COM O CABELO,5179,0,,
41741,MASC VIZZAGE TUTANO E CERAMIDAS 1K,139.99,82.99,10/09,10/10,CUIDADOS COM O CABELO,5179,0,,
41742,MASC VIZZAGE CONTROL JABORANDI 1K,139.99,82.99,10/09,10/10,CUIDADOS COM O CABELO,5179,0,,
41796,KIT HAIR FLY SOS ANTIQUEDA SH+COND,18.29,14.99,21/07,23/09,CUIDADOS COM O CABELO,3935,0,,
41797,KIT HAIR FLY SOS POS QUIMICA SH+COND,18.29,14.99,21/07,23/09,CUIDADOS COM O CABELO,3935,0,,
41857,ESM CINT NOVO TOQUE GLITTER A TODO VAPOR 8ML,4.29,2.99,14/09,31/10,HIGIENE CORPORAL,4267,0,,
41862,ESM CINT NOVO BONECA DE FERRO 8ML,4.29,2.99,14/09,31/10,HIGIENE CORPORAL,4267,0,,
41863,ESM CINT NOVO LOW CARB 8ML,4.29,2.99,14/09,31/10,HIGIENE CORPORAL,4267,0,,
41864,ESM CINT NOVO TOQUE PROJETO VERAO 8ML,4.29,2.99,14/09,31/10,HIGIENE CORPORAL,4267,0,,
41865,ESM CINT NOVO TOQUE SOU FITNESS 8ML,4.29,2.99,14/09,31/10,HIGIENE CORPORAL,4267,0,,
41866,ESM CINT NOVO TOQUE TREINO DE MILHOES 8ML,4.29,2.99,14/09,31/10,HIGIENE CORPORAL,4267,0,,
41867,ESM CINT NOVO TOQUE CORACAO DE GUERREIRA 8ML,4.29,2.99,14/09,31/10,HIGIENE CORPORAL,4267,0,,
41868,ESM CINT NOVO TOQUE CUNHA 8ML,4.29,2.99,14/09,31/10,HIGIENE CORPORAL,4267,0,,
41869,ESM CINT NOVO TOQUE MANTO TUPINAMBA 8ML,4.29,2.99,14/09,31/10,HIGIENE CORPORAL,4267,0,,
41870,ESM CINT NOVO TOQUE TERRA MAE 8ML,4.29,2.99,14/09,31/10,HIGIENE CORPORAL,4267,0,,
41871,ESM CINT NOVO TOQUE URUCUM 8ML,4.29,2.99,14/09,31/10,HIGIENE CORPORAL,4267,0,,
41872,ESM CINT NOVO TOQUE VOZES DA TERRA 8ML,4.29,2.99,14/09,31/10,HIGIENE CORPORAL,4267,0,,
41873,ESM CINT NOVO TOQUE DIVA 8ML,4.29,2.99,14/09,31/10,HIGIENE CORPORAL,4267,0,,
41874,ESM CINT NOVO TOQUE ESPLENDOR 8ML,4.29,2.99,14/09,31/10,HIGIENE CORPORAL,4267,0,,
41875,ESM CINT NOVO TOQUE ESTRELA DA NOITE 8ML,4.29,2.99,14/09,31/10,HIGIENE CORPORAL,4267,0,,
41876,ESM CINT NOVO TOQUE GLAMOUR 8ML,4.29,2.99,14/09,31/10,HIGIENE CORPORAL,4267,0,,
41877,ESM CINT NOVO TOQUE NOITE DE GALA 8ML,4.29,2.99,14/09,31/10,HIGIENE CORPORAL,4267,0,,
41878,ESM CINT NOVO TOQUE SHINE 8ML,4.29,2.99,14/09,31/10,HIGIENE CORPORAL,4267,0,,
41895,PO DESC YAMA AMETISTA RF 750G,74.99,66.99,21/09,22/09,CUIDADOS COM O CABELO,5304,1,,
41983,GLOSS VULT LIPS 24/7 AMORA,24.99,9.99,15/09,15/10,MAQUIAGENS / ACESSORIOS,4694,0,,
42127,SH HASKELL SE CURVE 500ML,68.79,54.99,01/09,30/09,CUIDADOS COM O CABELO,0,1,,
42128,COND HASKELL SE CURVE 500ML,68.79,54.99,01/09,30/09,CUIDADOS COM O CABELO,0,1,,
42129,MASC HASKELL 3 MANTEIGAS SE CURVE 500G,69.59,55.69,01/09,30/09,CUIDADOS COM O CABELO,5235,0,,
42130,MASC HASKELL PODER DOS OLEOS SE CURVE 500G,69.59,55.69,01/09,30/09,CUIDADOS COM O CABELO,5235,0,,
42131,MASC HASKELL HIDRONUTRICAO SE CURVE 500G,69.59,55.69,01/09,30/09,CUIDADOS COM O CABELO,5235,1,,
42132,GOMA HASKELL SE CURVE 500G,80.79,64.69,01/09,30/09,CUIDADOS COM O CABELO,5236,1,,
42133,MODELADOR HASKELL DE CACHOS SE CURVE 500ML,80.79,64.69,01/09,30/09,CUIDADOS COM O CABELO,5236,0,,
42134,FINALIZ HASKELL DE CRESPOS SE CURVE 500ML,80.79,64.69,01/09,30/09,CUIDADOS COM O CABELO,5236,0,,
42136,FINALIZ HASKELL COLA SE CURVE 500G,80.79,64.69,01/09,30/09,CUIDADOS COM O CABELO,5236,0,,
42157,ESM HITS GEL PEROLADO SINERGIA 8ML,9.99,7.99,10/09,10/10,HIGIENE CORPORAL,3171,0,,
42158,ESM HITS GEL PEROALDO PRATA CIBERNETICO 8ML,9.99,7.99,10/09,10/10,HIGIENE CORPORAL,3171,0,,
42159,ESM HITS GEL PEROLADO ROXO ICONICO 8ML,9.99,7.99,10/09,10/10,HIGIENE CORPORAL,3171,0,,
42160,ESM HITS GEL PEROALDO VELVET LIGHT 8ML,9.99,7.99,10/09,10/10,HIGIENE CORPORAL,3171,0,,
42161,ESM HITS GEL GLITTER EUFORIC 8ML,9.99,7.99,10/09,10/10,HIGIENE CORPORAL,3171,0,,
42162,ESM HITS GEL PEROLADO ANOS-LUZ 8ML,9.99,7.99,10/09,10/10,HIGIENE CORPORAL,3171,0,,
42163,ESM HITS GEL GLITTER DISCO RETRO 8ML,9.99,7.99,10/09,10/10,HIGIENE CORPORAL,3171,0,,
42164,ESM HITS GEL GLITTER ROSA GLAM 8ML,9.99,7.99,10/09,10/10,HIGIENE CORPORAL,3171,0,,
42165,ESM HITS GEL GLITTER NEON 80 8ML,9.99,7.99,10/09,10/10,HIGIENE CORPORAL,3171,0,,
42214,CR FACIAL GARNIER TS ANTIACNE 85G,44.29,19.99,14/09,31/10,HIGIENE CORPORAL,5247,0,,
42215,CR FACIAL GARNIER TS ANTISSINAIS 85G,44.29,19.99,14/09,31/10,HIGIENE CORPORAL,5247,0,,
42366,SERUM LABOTRAT DERMO SKIN AREA DOS OLHOS 15ML,27.99,9.99,18/09,30/09,HIGIENE CORPORAL,0,1,,
42401,SAB VIZZELA OIL CONTROL 150ML,53.59,39.98,01/09,15/10,MAQUIAGENS / ACESSORIOS,0,1,,
42409,DESOD AERO DOVE MEN INVISIBLE DRY PROMO 200ML,21.29,18.99,16/09,30/10,HIGIENE CORPORAL,1484,0,,
42531,PALETA RUBY ROSE SPRING BREEZE,33.99,9.99,15/09,15/10,MAQUIAGENS / ACESSORIOS,0,1,,
42781,PO DESC YAMA PLATINADO RF 750G,74.99,66.99,21/09,22/09,CUIDADOS COM O CABELO,5304,0,,
42798,SH TRIHAIR MEL NATURAL 500ML,37.99,18.98,01/09,15/10,CUIDADOS COM O CABELO,0,1,,
43172,SH TRESEMME BLINDAGEM ANTIUMIDADE 400ML,33.39,19.99,25/08,30/09,CUIDADOS COM O CABELO,1593,1,,
43173,CR TRAT TRESEMME BLINDAGEM ANTIUMIDADE 400ML,34.29,19.99,25/08,30/09,CUIDADOS COM O CABELO,1687,1,,
43174,COND TRESEMME BLINDAGEM ANTIUMIDADE 400ML,33.49,19.99,25/08,30/09,CUIDADOS COM O CABELO,1878,1,,
43175,SH PANTENE ANTIQUEDA 175ML,21.99,12.99,18/09,18/10,CUIDADOS COM O CABELO,2965,0,,
43246,BLUSH RUBY ROSE OBSIDIAN HB-1000-1,28.99,9.99,15/09,15/10,MAQUIAGENS / ACESSORIOS,0,1,,
43262,PALETA RUBY ROSE PINK CHERRY,31.99,9.99,15/09,15/10,MAQUIAGENS / ACESSORIOS,0,1,,
43273,ANTI-SEPTICO CARMED FINI DENTADURA 250ML,16.99,9.99,16/09,30/10,CUIDADOS BUCAL,5347,0,,
43274,ANTI-SEPTICO CARMED FINI MINHOCAS 250ML,16.99,9.99,16/09,30/10,CUIDADOS BUCAL,5347,1,,
43275,GEL DENT CARMED FINI MINHOCAS 70G,20.99,9.99,16/09,30/10,CUIDADOS BUCAL,5351,1,,
43285,SH TRESEMME BRILHO LAMELAR 400ML,33.39,19.99,25/08,30/09,CUIDADOS COM O CABELO,1593,0,,
43286,COND TRESEMME BRILHO LAMELAR 400ML,33.49,19.99,25/08,30/09,CUIDADOS COM O CABELO,1878,0,,
43287,SH SEDA TOQUE DE SEDA 300ML,16.49,12.99,17/09,17/10,CUIDADOS COM O CABELO,2475,0,,
43288,COND SEDA TOQUE DE SEDA 250ML,17.59,13.99,17/09,17/10,CUIDADOS COM O CABELO,2477,0,,
43289,CR PENT SEDA TOQUE DE SEDA 300ML,13.99,11.99,17/09,17/10,CUIDADOS COM O CABELO,1369,0,,
43312,ESM HITS CRACKLE KRIPITO PINK 8ML,9.99,7.99,10/09,10/10,HIGIENE CORPORAL,3171,0,,
43313,ESM HITS CRACKLE FISSURA POP 8ML,9.99,7.99,10/09,10/10,HIGIENE CORPORAL,3171,0,,
43314,ESM HITS CRACKLE ROCKER STAR 8ML,9.99,7.99,10/09,10/10,HIGIENE CORPORAL,3171,0,,
43315,ESM HITS CRACKLE CRACKED GOLD 8ML,9.99,7.99,10/09,10/10,HIGIENE CORPORAL,3171,0,,
43316,ESM HITS CRACKLE GOTHIC DARK 8ML,9.99,7.99,10/09,10/10,HIGIENE CORPORAL,3171,0,,
43317,ESM HITS CRACKLE GOTHIC ICE 8ML,9.99,7.99,10/09,10/10,HIGIENE CORPORAL,3171,0,,
43318,ESM HITS CRACKLE FENDA URBANA 8ML,9.99,7.99,10/09,10/10,HIGIENE CORPORAL,3171,0,,
43319,ESM HITS CR MASAI SILVESTRE 8ML,9.99,7.99,10/09,10/10,HIGIENE CORPORAL,3171,0,,
43320,ESM HITS CR BAOBA TERROSO 8ML,9.99,7.99,10/09,10/10,HIGIENE CORPORAL,3171,0,,
43321,ESM HITS CR BOHO CAFE 8ML,9.99,7.99,10/09,10/10,HIGIENE CORPORAL,3171,0,,
43322,ESM HITS CR NUDE CHIC 8ML,9.99,7.99,10/09,10/10,HIGIENE CORPORAL,3171,0,,
43323,ESM HITS CR FLOR NATIVA 8ML,9.99,7.99,10/09,10/10,HIGIENE CORPORAL,3171,0,,
43324,ESM HITS CR CINZA CLASSICO 8ML,9.99,7.99,10/09,10/10,HIGIENE CORPORAL,3171,0,,
43325,ESM HITS CR VERDE SAVANA 8ML,9.99,7.99,10/09,10/10,HIGIENE CORPORAL,3171,0,,
43326,ESM HITS CR LILA MAUVE 8ML,9.99,7.99,10/09,10/10,HIGIENE CORPORAL,3171,0,,
43327,ESM HITS CR BABY BLUE 8ML,9.99,7.99,10/09,10/10,HIGIENE CORPORAL,3171,0,,
43328,ESM HITS CR VIOLETA SUAVE 8ML,9.99,7.99,10/09,10/10,HIGIENE CORPORAL,3171,0,,
43329,ESM HITS GEL BASE FORTE CAPILLISIL 8ML,9.99,7.99,10/09,10/10,HIGIENE CORPORAL,3171,0,,
43351,GEL DENT CARMED FINI BEIJOS 70G,20.99,9.99,16/09,30/10,CUIDADOS BUCAL,5351,0,,
43352,GEL DENT CARMED FINI DENTINHOS 70G,20.99,9.99,16/09,30/10,CUIDADOS BUCAL,5351,0,,
43353,ANTI-SEPTICO CARMED FINI BEIJOS 250ML,16.99,9.99,16/09,30/10,CUIDADOS BUCAL,5347,0,,
43418,LAVA ROUPAS EVA 5L,25.89,18.99,14/09,14/10,LIMPEZA,5462,1,,
43487,CR FACIAL GARNIER TS ANTIMANCHAS 85G,44.29,19.99,14/09,31/10,HIGIENE CORPORAL,5247,1,,
43514,SH TRESEMME BLINDAGEM ANTIUMIDADE 650ML,44.29,29.99,25/08,30/09,CUIDADOS COM O CABELO,0,1,,
43525,SAB PALMOLIVE NATURALS SENSACAO PURIFICANTE 150G,4.99,3.99,16/09,30/10,HIGIENE CORPORAL,1327,0,,
43528,FRALDA HUGGIES T PROT MEGA P L38P36,44.39,36.99,01/09,15/10,INFANTIS,5366,0,,
43529,FRALDA HUGGIES T PROT MEGA M L36P34,44.39,36.99,01/09,15/10,INFANTIS,5366,1,,
43530,FRALDA HUGGIES T PROT MEGA G L30P28,44.39,36.99,01/09,15/10,INFANTIS,5366,0,,
43531,FRALDA HUGGIES T PROT MEGA XG L28P26,44.39,36.99,01/09,15/10,INFANTIS,5366,0,,
43532,FRALDA HUGGIES T PROT MEGA XXG L26P24,44.39,36.99,01/09,15/10,INFANTIS,5366,0,,
43578,SPRAY TRESEMME SELANTE IMPERMEABILIZANTE 180ML,57.69,29.99,25/08,30/09,CUIDADOS COM O CABELO,0,1,,
43579,SAB LUX SUAVE GARDENIA E OLEO DE AMENDOAS 85G,3.69,2.99,01/09,15/10,HIGIENE CORPORAL,128,0,,
43731,GEL DENT CARMED FINI MELANCIA 70G,20.99,9.99,16/09,30/10,CUIDADOS BUCAL,5351,0,,
43732,GEL DENT CARMED FINI CEREJA 70G,20.99,9.99,16/09,30/10,CUIDADOS BUCAL,5351,0,,
43733,ANTI-SEPTICO CARMED FINI MELANCIA 250ML,16.99,9.99,16/09,30/10,CUIDADOS BUCAL,5347,0,,
43746,HID FACIAL MONANGE MATE ANTISSINAIS 80G,29.39,19.99,14/09,31/10,HIGIENE CORPORAL,5383,0,,
43808,FRALDA PAMPERS S SEQUINHA G C/60,104.99,79.98,20/09,20/09,INFANTIS,5390,0,,
43809,FRALDA PAMPERS S SEQUINHA XG C/56,104.99,79.98,20/09,20/09,INFANTIS,5390,0,,
43810,FRALDA PAMPERS S SEQUINHA XXG C/50,104.99,79.98,20/09,20/09,INFANTIS,5390,1,,
43855,CR DENT ORAL-B 3DW FRESH BRILHANTE 140G,20.89,15.99,15/09,20/09,CUIDADOS BUCAL,0,1,,
43857,CR DENT ORAL-B EXTRA BRANCO 180G,12.79,9.99,21/08,20/09,CUIDADOS BUCAL,0,1,,
43966,LENCO UMED BEBE LIMPINHO C/140,11.49,9.99,01/09,15/10,INFANTIS,0,1,,
43969,SH PANTENE ANTI QUEDA 300ML,34.49,29.98,01/09,15/10,CUIDADOS COM O CABELO,5411,0,,
43970,COND PANTENE ANTI QUEDA 250ML,34.39,29.98,01/09,15/10,CUIDADOS COM O CABELO,5412,1,,
43974,KIT PANTENE ANTI QUEDA SH+COND,49.29,39.98,01/09,30/09,CUIDADOS COM O CABELO,3048,0,,
43980,FRALDA PAMPERS S SEQUINHA M C/68,104.99,79.98,20/09,20/09,INFANTIS,5390,0,,
43986,DESOD AERO NIVEA F M DEFENDER 150ML,15.39,13.99,16/09,30/10,HIGIENE CORPORAL,1651,0,,
43987,DESOD AERO NIVEA F W DEFENDER 150ML,15.39,13.99,16/09,30/10,HIGIENE CORPORAL,1651,0,,
43988,DESOD AERO NIVEA F W RESTAURA 150ML,15.39,13.99,16/09,30/10,HIGIENE CORPORAL,1651,0,,
43998,MINI TRIO DE PINCAS MARCO BONI,20.79,12.59,10/09,10/10,MAQUIAGENS / ACESSORIOS,0,1,,
43999,KIT NIELY RECONSTRUCAO POTENTE SH + COND,27.69,19.98,18/09,18/10,CUIDADOS COM O CABELO,1566,0,,
44012,FRALDA PAMPERS CS HIPER G C/60,99.98,69.98,01/09,15/10,INFANTIS,5416,1,,
44013,FRALDA PAMPERS CS HIPER P C/72,99.98,69.98,01/09,15/10,INFANTIS,5416,0,,
44014,FRALDA PAMPERS SS MEGA G C/34,45.99,39.98,01/09,15/10,INFANTIS,5417,1,,
44015,FRALDA PAMPERS SS MEGA XG C/32,45.99,39.98,01/09,15/10,INFANTIS,5417,0,,
44084,BASE MELU TINT MADE IN! BONITA 40,32.89,9.99,15/09,15/10,MAQUIAGENS / ACESSORIOS,5430,0,,
44085,BASE MELU TINT MADE IN! BONITA 80,32.89,9.99,15/09,15/10,MAQUIAGENS / ACESSORIOS,5430,1,,
44087,BASE MELU TINT MADE IN! BONITA 60,32.89,9.99,15/09,15/10,MAQUIAGENS / ACESSORIOS,5430,0,,
44088,BASE MELU TINT MADE IN! BONITA 70,32.89,9.99,15/09,15/10,MAQUIAGENS / ACESSORIOS,5430,0,,
44089,BASE MELU TINT MADE IN! BONITA 20,32.89,9.99,15/09,15/10,MAQUIAGENS / ACESSORIOS,5430,0,,
44090,BASE MELU TINT MADE IN! BONITA 30,32.89,9.99,15/09,15/10,MAQUIAGENS / ACESSORIOS,5430,0,,
44091,BASE MELU TINT MADE IN! BONITA 50,32.89,9.99,15/09,15/10,MAQUIAGENS / ACESSORIOS,5430,0,,
44113,PO SOLTO MELU MADE IN! AREIA DAS DUNAS ENCANTO DAS PEDRAS,33.59,9.99,15/09,15/10,MAQUIAGENS / ACESSORIOS,5434,0,,
44114,PO SOLTO MELU MADE IN! AREIA DAS DUNAS MAGIA DAS CONCHAS,33.59,9.99,15/09,15/10,MAQUIAGENS / ACESSORIOS,5434,1,,
44152,COND PANTENE ANTI QUEDA 510ML,57.29,55.99,17/06,02/07,CUIDADOS COM O CABELO,5526,1,,
44156,DESOD AERO OLD SPICE AMADEIRADO 150G,33.89,29.98,16/09,16/10,HIGIENE CORPORAL,5435,1,,
44157,DESOD AERO OLD SPICE AVENTURA 150G,33.89,29.98,16/09,16/10,HIGIENE CORPORAL,5435,0,,
44158,DESOD AERO OLD SPICE BRISA MAR 150G,33.89,29.98,16/09,16/10,HIGIENE CORPORAL,5435,0,,
44159,DESOD AERO OLD SPICE REFRESCANTE 150G,33.89,29.98,16/09,16/10,HIGIENE CORPORAL,5435,0,,
44161,DESOD SECRET GEL JASMINE 45G,45.99,19.98,16/09,30/10,HIGIENE CORPORAL,5125,1,,
44162,DESOD SECRET GEL LAVENDER 45G,45.99,19.98,16/09,30/10,HIGIENE CORPORAL,5125,0,,
44165,SH PANTENE ANTIQUEDA 510ML,57.39,39.98,01/09,15/10,CUIDADOS COM O CABELO,5528,0,,
44166,TONICO PANTENE ANTIQUEDA 52ML,50.89,39.95,29/08,28/09,CUIDADOS COM O CABELO,0,1,,
44190,DESOD AERO DOVE GO FRESH PESSEGO 150ML,21.29,18.99,16/09,30/10,HIGIENE CORPORAL,1484,0,,
44191,DESOD AERO DOVE FRESH CARE LAVANDA 150ML,21.29,18.99,16/09,30/10,HIGIENE CORPORAL,1484,0,,
44208,GLOSS DAILUS BOMBOM CEREJA,27.79,15.99,16/09,15/10,MAQUIAGENS / ACESSORIOS,5443,0,,
44209,GLOSS DAILUS MOCHA MOUSSE,27.79,15.99,16/09,15/10,MAQUIAGENS / ACESSORIOS,5443,0,,
44210,GLOSS DAILUS PUDIM DE CHOCOLATE,27.79,15.99,16/09,15/10,MAQUIAGENS / ACESSORIOS,5443,1,,
44211,GLOSS DAILUS BOMBOM CEREJA SILVESTRE,27.79,15.99,16/09,15/10,MAQUIAGENS / ACESSORIOS,5443,0,,
44221,DESOD AERO NIVEA F W UNIFORMIZA 150ML,15.39,13.99,16/09,30/10,HIGIENE CORPORAL,1651,0,,
44253,KIT PANTENE EQULIBIO SH+COND,49.29,39.98,01/09,30/09,CUIDADOS COM O CABELO,3048,0,,
44274,SH DOVE HIDRATACAO + HIALURONICO 190ML,23.89,14.99,25/08,30/09,CUIDADOS COM O CABELO,5497,0,,
44275,COND DOVE HIDRATACAO + HIALURONICO 190ML,28.49,14.99,25/08,30/09,CUIDADOS COM O CABELO,5495,0,,
44361,SH KARINA A SECO 150ML,33.29,24.99,15/09,15/10,CUIDADOS COM O CABELO,0,1,,
44396,KIT SIAGE EUDORA PRO CRONOLOGY MASC + AMP,89.99,19.99,03/09,31/10,CUIDADOS COM O CABELO,0,1,,
44404,LAVA ROUPAS EVA VERDE 5L,25.89,18.99,14/09,14/10,LIMPEZA,5462,0,,
44417,SH KOLENE BABY 300ML,20.99,14.99,01/09,15/10,CUIDADOS COM O CABELO,0,1,,
44431,SH KOLENE KIDS TRELOSO CHOCOLATE 300ML,16.39,9.99,18/09,18/10,CUIDADOS COM O CABELO,0,1,,
44433,COND KOLENE KIDS TRELOSO CHOCOLATE 300ML,17.99,9.99,18/09,18/10,CUIDADOS COM O CABELO,0,1,,
44473,TONICO HASKELL SE CURVE 200ML,51.79,41.49,01/09,30/09,CUIDADOS COM O CABELO,0,1,,
44491,FRALDA PAMPERS PANTS NOVA MEGA P 32UND,67.99,29.98,20/09,20/09,INFANTIS,5605,0,,
44492,FRALDA PAMPERS PANTS NOVA MEGA XG 22UND,67.99,29.98,20/09,20/09,INFANTIS,5605,0,,
44493,FRALDA PAMPERS PANTS NOVA MEGA XXG 20UND,67.99,29.98,20/09,20/09,INFANTIS,5605,0,,
44508,DESOD SECRET GEL COTTON 45G,45.99,19.98,16/09,30/10,HIGIENE CORPORAL,5125,0,,
44582,SH DOVE UMECTACAO + COCO 190ML,23.89,14.99,25/08,30/09,CUIDADOS COM O CABELO,5497,0,,
44583,COND DOVE UMECTACAO COCO 190ML,28.49,14.99,25/08,30/09,CUIDADOS COM O CABELO,5495,0,,
44590,SAND RIDER STREET C MASC BM506 PT/C N37 A 44,34.99,27.99,02/09,30/09,CALCADOS,4314,0,,
44604,TOUCA MARCO BONI TOALHA,40.99,14.99,14/09,31/10,CABELEIREIROS,0,1,,
44687,CR TRAT TRESEMME BRILHO LAMELAR 400G,34.29,19.99,25/08,30/09,CUIDADOS COM O CABELO,1687,0,,
44764,COND DOVE RECONSTRUCAO COMPLETA 190ML,28.49,14.99,25/08,30/09,CUIDADOS COM O CABELO,5495,1,,
44765,COND DOVE NUTRICAO + TRI OLEOS 190ML,28.49,14.99,25/08,30/09,CUIDADOS COM O CABELO,5495,0,,
44766,SH DOVE RECONSTRUCAO COMPLETA 190ML,23.89,14.99,25/08,30/09,CUIDADOS COM O CABELO,5497,1,,
44767,SH DOVE NUTRICAO + TRI OLEOS 190ML,23.89,14.99,25/08,30/09,CUIDADOS COM O CABELO,5497,0,,
44806,CR DENT COLGATE TOTAL WHITENING 180G,18.99,16.90,16/09,30/09,CUIDADOS BUCAL,5018,0,,
44807,CR DENT COLGATE TOTAL ORIGINAL MINT 180G,18.99,16.90,16/09,30/09,CUIDADOS BUCAL,5018,0,,
44809,KIT LABOTRAT CEREJA HIDRATANTE + ESFOLIANTE,41.49,29.99,27/08,26/09,HIGIENE CORPORAL,5027,0,,
44987,KIT KERABRASIL CORP AMEIXA,40.89,29.99,27/08,26/09,CUIDADOS COM O CABELO,5522,0,,
44988,KIT KERABRASIL CORP MARACUJA,40.89,29.99,27/08,26/09,CUIDADOS COM O CABELO,5522,0,,
44989,KIT KERABRASIL CORP PESSEGO,40.89,29.99,27/08,26/09,CUIDADOS COM O CABELO,5522,1,,
44990,KIT KERABRASIL CORP PISTACHE,40.89,29.99,27/08,26/09,CUIDADOS COM O CABELO,5522,0,,
44991,KIT KERABRASIL CORP PITAYA,40.89,29.99,27/08,26/09,CUIDADOS COM O CABELO,5522,0,,
45007,KIT PANTENE BOND REPAIR MOLECULAR SH+COND,49.29,39.98,01/09,30/09,CUIDADOS COM O CABELO,3048,0,,
45008,SH PANTENE BOND REPAIR MOLECULAR 175ML,21.99,12.99,18/09,18/10,CUIDADOS COM O CABELO,2965,0,,
45013,COND PANTENE BOND REPAIR MOLECULAR 250ML,34.39,29.98,01/09,15/10,CUIDADOS COM O CABELO,5412,0,,
45015,HID PANTENE BOND REPAIR MOLECULAR 270ML,48.69,39.98,29/08,28/09,CUIDADOS COM O CABELO,0,1,,
45017,SH PANTENE BOND REPAIR MOLECULAR 300ML,34.49,29.98,01/09,15/10,CUIDADOS COM O CABELO,5411,0,,
45018,SH PANTENE BOND REPAIR MOLECULAR 510ML,51.49,39.98,01/09,15/10,CUIDADOS COM O CABELO,5528,0,,
45118,SH DOVE UV REPAIR E GLOW + FERULICO 190ML,23.89,14.99,25/08,30/09,CUIDADOS COM O CABELO,5497,0,,
45137,COND SEDA COLAGENO E VITAMINA 250ML,17.59,13.99,17/09,17/10,CUIDADOS COM O CABELO,2477,0,,
45139,SH SEDA COLAGENO E VITAMINA 300ML,16.49,12.99,17/09,17/10,CUIDADOS COM O CABELO,2475,0,,
45209,ESM RISQUE BRIDGERTON INFILTRADA NO BAILE 8ML,7.29,2.99,14/09,31/10,HIGIENE CORPORAL,4859,0,,
45210,ESM RISQUE BRIDGERTON SOCIEDADE DA FOFOCA 8ML,7.29,2.99,14/09,31/10,HIGIENE CORPORAL,4859,0,,
45211,ESM RISQUE BRIDGERTON SERUM NUTRITIVO 8ML,7.29,2.99,14/09,31/10,HIGIENE CORPORAL,4859,0,,
45212,ESM RISQUE BRIDGERTON CORTEJO NO JARDIM 8ML,7.29,2.99,14/09,31/10,HIGIENE CORPORAL,4859,1,,
45213,ESM RISQUE BRIDGERTON BENDITO ARTISTA 8ML,7.29,2.99,14/09,31/10,HIGIENE CORPORAL,4859,0,,
45214,ESM RISQUE BRIDGERTON PAIXAO DESMASCARADA 8ML,7.29,2.99,14/09,31/10,HIGIENE CORPORAL,4859,0,,
45215,ESM RISQUE BRIDGERTON O MAIS COBICADO 8ML,7.29,2.99,14/09,31/10,HIGIENE CORPORAL,4859,0,,
45216,ESM RISQUE BRIDGERTON DAMA DE PRATA 8ML,7.29,2.99,14/09,31/10,HIGIENE CORPORAL,4859,0,,
45220,ESM RISQUE BRIDGERTON UMA ABELHA ME CONTOU 8ML,7.29,2.99,14/09,31/10,HIGIENE CORPORAL,4859,0,,
45313,KIT SKALA ABACATE SH+COND,19.49,17.99,05/09,30/09,CUIDADOS COM O CABELO,2946,0,,
45314,KIT SKALA BABOSA SH+COND,19.49,17.99,05/09,30/09,CUIDADOS COM O CABELO,2946,0,,
45315,KIT SKALA FRUTASTICA MELANCIA SH+COND,19.49,17.99,05/09,30/09,CUIDADOS COM O CABELO,2946,0,,
45316,KIT SKALA FRUTASTICA MORANGO SH+COND,19.49,17.99,05/09,30/09,CUIDADOS COM O CABELO,2946,0,,
45325,KIT SKALA CERAMIDAS SH+COND,19.49,17.99,05/09,30/09,CUIDADOS COM O CABELO,2946,0,,
45327,KIT SKALA FRUTASTICA UVA SH+COND,19.49,17.99,05/09,30/09,CUIDADOS COM O CABELO,2946,0,,
45348,LAVA ROUPAS LIMPA JA 5L,25.89,18.99,14/09,14/10,LIMPEZA,5462,0,,
45411,KIT SKALA ACACHONADOS SH+COND,19.49,17.99,05/09,30/09,CUIDADOS COM O CABELO,2946,0,,
45412,KIT SKALA FRUTASTICA COCO SH+COND,19.49,17.99,05/09,30/09,CUIDADOS COM O CABELO,2946,1,,
45413,KIT SKALA FRUTASTICA MARACUJA SH+COND,19.49,17.99,05/09,30/09,CUIDADOS COM O CABELO,2946,0,,
45414,KIT SKALA MAIS CACHOS SH+COND,19.49,17.99,05/09,30/09,CUIDADOS COM O CABELO,2946,0,,
45595,COLA CILIOS MISS FRANCE MF-7038,10.99,9.99,15/09,15/10,MAQUIAGENS / ACESSORIOS,0,1,,
45653,ESM RISQUE BRIDGERTON QUERIDA LEITORA 8ML,7.29,2.99,14/09,31/10,HIGIENE CORPORAL,4859,0,,
45667,LEAVE-IN VITISS HAPPY DAY 200ML,53.89,44.99,21/09,22/09,CUIDADOS COM O CABELO,40,0,,
45697,DESOD CR HERBISSIMO KIDS 55G,8.39,5.90,14/09,14/10,HIGIENE CORPORAL,1471,0,,
45828,GEL CAPILAR SHOW GOLDEN 50G,12.59,9.99,15/09,15/10,CUIDADOS COM O CABELO,0,1,,
45872,KIT SKALA 12 EM 1 SH+COND,19.49,17.99,05/09,30/09,CUIDADOS COM O CABELO,2946,0,,
45998,CR TRAT SKALA RAIZES DO MORRO 1K,14.89,13.99,04/09,30/09,CUIDADOS COM O CABELO,1434,0,,
45999,CR TRAT SKALA CEREJA 1K,14.89,13.99,04/09,30/09,CUIDADOS COM O CABELO,1434,0,,
46000,CR TRAT SKALA MAIS CRESPINHOS 1K,14.89,13.99,04/09,30/09,CUIDADOS COM O CABELO,1434,0,,
46005,DESOD AERO DOVE MEN ENERGY BOOST 150ML,21.29,18.99,16/09,30/10,HIGIENE CORPORAL,1484,0,,
46011,CR TRAT SKALA ACAI 2EM1 1K,14.89,13.99,04/09,30/09,CUIDADOS COM O CABELO,1434,0,,
46035,FRALDA PAMPERS PANTS NOVA MEGA M 30UND,67.99,29.98,20/09,20/09,INFANTIS,5605,1,,
46036,FRALDA PAMPERS PANTS NOVA MEGA G 28UND,67.99,29.98,20/09,20/09,INFANTIS,5605,0,,
46042,DESOD SECRET GEL INVISIBLE BERRY 45G,45.99,19.98,16/09,30/10,HIGIENE CORPORAL,5125,0,,
46163,ANTI-SEP COLGATE PLAX MELANCIA L500P350ML,23.29,16.99,18/09,18/10,CUIDADOS BUCAL,1455,0,,
46165,PACK SAB PALMOLIVE NATUARLS FRAMBOESA E AMORA 3X85G,7.99,4.90,16/09,30/09,HIGIENE CORPORAL,5758,1,,
46166,ANTI-SEP COLGATE PLAX ICE INFINITY 500X350ML,23.29,16.99,18/09,18/10,CUIDADOS BUCAL,1455,0,,
46276,ANTI-SEP COLGATE PLAX MELANCIA 250ML,17.29,12.99,18/09,18/10,CUIDADOS BUCAL,1458,0,,
46420,SERUM PANTENE BAMBU 95ML,53.39,39.98,29/08,28/09,CUIDADOS COM O CABELO,0,1,,
46421,AMP PANTENE REESTRUTURACAO MOLECULAR 90ML,35.59,29.98,29/08,28/09,CUIDADOS COM O CABELO,0,1,,
46422,ESC DENT ORAL-B INCONIC ULTRAMACIA SUAVE,24.39,19.98,21/08,20/09,CUIDADOS BUCAL,0,1,,
46423,FRALDA PAMPERS PANTS NOVA MEGA XXXG 20UND,67.99,29.98,20/09,20/09,INFANTIS,5605,0,,
46457,ESC DENT COLGATE INF HARRY POTTER,22.29,9.90,16/09,30/09,CUIDADOS BUCAL,0,1,,
46458,ESC DENT COLGATE SLIM SOFT GOLD 2PK,26.29,14.90,16/09,30/09,CUIDADOS BUCAL,0,1,,
46460,SAB PALMOLIVE NATURALS CAFE E OLEO DE AMENDOA 85G,3.29,2.49,16/09,30/10,HIGIENE CORPORAL,1853,0,,
46461,SAB PALMOLIVE NATURALS CAFE E OLEO DE AMENDOAS 150G,4.99,3.99,16/09,30/10,HIGIENE CORPORAL,1327,0,,
46463,SAB LIQ PROTEX ANTIB LIMPEZA PROFUNDA 650ML,43.89,34.99,18/09,18/10,HIGIENE CORPORAL,4983,1,,
46589,SAND IPANEMA BRASIL ANATOMICA BV709 PT/BR N35 A 40,34.69,27.99,08/09,30/09,CALCADOS,5677,0,,
46590,SAND IPANEMA BRASIL ANATOMICA BV710 BR/VD N35 A 40,34.69,27.99,08/09,30/09,CALCADOS,5677,0,,
46591,SAND IPANEMA BRASIL ANATOMICA BV711 MA/RS N35 A 40,34.69,27.99,08/09,30/09,CALCADOS,5677,0,,
46592,SAND IPANEMA BRASIL AN261 BR/RS N33 A 40,34.69,27.99,08/09,30/09,CALCADOS,5677,0,,
46593,SAND IPANEMA BRASIL BABY II AL738 AZ/BR 19-24,34.99,27.99,02/09,30/09,CALCADOS,5678,1,,
46594,SAND IPANEMA BRASIL BABY II CB200 RS 19-24,34.99,27.99,02/09,30/09,CALCADOS,5678,0,,
46595,SAND IPANEMA BRASIL BABY II CB201 AM/VD 19-24,34.99,27.99,02/09,30/09,CALCADOS,5678,0,,
46596,SAND IPANEMA BRASIL BF243 AZ ES/AZ N36 A 42,34.69,27.99,08/09,30/09,CALCADOS,5677,1,,
46597,SAND IPANEMA BRASIL INF CB170 AM/VD N23 A 32,34.69,27.99,02/09,30/09,CALCADOS,0,1,,
46598,SAND RIDER BRASIL MASC BV253 AZ/B N37 A 44,34.99,27.99,02/09,30/09,CALCADOS,5679,1,,
46599,SAND RIDER BRASIL MASC BV254 PT/B N37 A 44,34.99,27.99,02/09,30/09,CALCADOS,5679,0,,
46600,SAND RIDER BRASIL MASC BV255 BR/A N37 A 44,34.99,27.99,02/09,30/09,CALCADOS,5679,0,,
46601,SAND RIDER BRASIL MASC BV267 AZ/B N37 A 44,34.99,27.99,02/09,30/09,CALCADOS,5679,0,,
46643,UNHAS SANTA CLARA POSTICA QUADRADA VERMELHA C/24,12.99,9.99,15/09,15/10,HIGIENE CORPORAL,5686,0,,
46644,UNHAS SANTA CLARA POSTICA QUADRADA VINHO C/24,12.99,9.99,15/09,15/10,HIGIENE CORPORAL,5686,1,,
46645,UNHAS SANTA CLARA POSTICA QUADRADA PRETA C/24,12.99,9.99,15/09,15/10,HIGIENE CORPORAL,5686,0,,
46646,UNHAS SANTA CLARA POSTICA QUADRADA PEROLADO C/24,12.99,9.99,15/09,15/10,HIGIENE CORPORAL,5686,0,,
46647,UNHAS SANTA CLARA POSTICA QUADRADA PINK C/24,12.99,9.99,15/09,15/10,HIGIENE CORPORAL,5686,0,,
46648,UNHAS SANTA CLARA POSTICA QUADRADA LAVANDA C/24,12.99,9.99,15/09,15/10,HIGIENE CORPORAL,5686,0,,
46649,UNHAS SANTA CLARA POSTICA QUADRADA REF C/24,12.99,9.99,15/09,15/10,HIGIENE CORPORAL,5686,0,,
46650,UNHAS SANTA CLARA POSTICA QUADRADA AZUL C/24,12.99,9.99,15/09,15/10,HIGIENE CORPORAL,5686,0,,
46651,UNHAS SANTA CLARA POSTICA QUADRADA VERDE C/24,12.99,9.99,15/09,15/10,HIGIENE CORPORAL,5686,0,,
46652,UNHAS SANTA CLARA POSTICA QUADRADA AMARELA C/24,12.99,9.99,15/09,15/10,HIGIENE CORPORAL,5686,0,,
46653,UNHAS SANTA CLARA POSTICA QUADRADA VERD/AM C/24,12.99,9.99,15/09,15/10,HIGIENE CORPORAL,5686,0,,
46715,COND DARLING CACHOS 315ML,9.99,7.90,27/08,30/09,CUIDADOS COM O CABELO,5127,0,,
46716,CR DENT COLGATE TOTAL LIMPEZA PROF 180G,18.99,16.90,16/09,30/09,CUIDADOS BUCAL,5018,0,,
46719,CR DENT SORRISO JUA HORTELA 70G,3.99,2.95,24/08,23/09,CUIDADOS BUCAL,0,1,,
46724,SH DARLING CACHOS 315ML,9.49,7.90,27/08,30/09,CUIDADOS COM O CABELO,5128,0,,
46796,ESM CINT NOVO TOQUE TERRACOTA 8ML,4.29,2.99,14/09,31/10,HIGIENE CORPORAL,4267,0,,
46797,ESM CINT NOVO TOQUE CHOCOLATE 8ML,4.29,2.99,14/09,31/10,HIGIENE CORPORAL,4267,0,,
46954,DESOD SECRET GEL BERRY 73G,45.79,29.98,16/09,30/10,HIGIENE CORPORAL,0,1,,
47004,PACK SAB PALMOLIVE NATURALS NUTRI INTENSIVA 3X85G,7.99,4.90,16/09,30/09,HIGIENE CORPORAL,5758,0,,
47060,MOUSSE HASKELL SE CURVE 180ML,59.89,47.99,01/09,30/09,CUIDADOS COM O CABELO,0,1,,
47064,SAB ALBANY JASMIM ENVOLVENTE 80G,2.49,1.99,17/09,17/10,HIGIENE CORPORAL,4390,0,,
47065,SAB ALBANY CAPIM E LIMAO 80G,2.49,1.99,17/09,17/10,HIGIENE CORPORAL,4390,0,,
47072,LAVA ROUPAS LIMPA JA VERDE 5L,25.89,18.99,14/09,14/10,LIMPEZA,5462,0,,
47076,CR PENT SEDA CRESCIMENTO E FORCA 300ML,13.99,11.99,17/09,17/10,CUIDADOS COM O CABELO,1369,0,,
47077,SH SEDA CRESCIMENTO E FORCA 325ML,16.49,12.99,17/09,17/10,CUIDADOS COM O CABELO,2475,0,,
47078,COND SEDA CRESCIMENTO E FORCA 250ML,17.59,13.99,17/09,17/10,CUIDADOS COM O CABELO,2477,0,,
47082,SH SEDA MEGA CRESCIMENTO 300ML,16.49,12.99,17/09,17/10,CUIDADOS COM O CABELO,2475,0,,
47085,COND SEDA MEGA CRESCIMENTO 250ML,17.59,13.99,17/09,17/10,CUIDADOS COM O CABELO,2477,0,,
47086,CR PENT SEDA MEGA CRESCIMENTO 300ML,13.99,11.99,17/09,17/10,CUIDADOS COM O CABELO,1369,0,,
47141,SH PANTENE BAMBU 510ML,57.39,39.98,01/09,15/10,CUIDADOS COM O CABELO,5528,1,,
47158,DESOD BODY SPLASH PHYTODERM ARRAZO 200ML,34.89,17.98,03/09,30/09,HIGIENE CORPORAL,5756,0,,
47159,DESOD BODY SPLASH PHYTODERM LEGACY 200ML,34.89,17.98,03/09,30/09,HIGIENE CORPORAL,5756,0,,
47160,DESOD BODY SPLASH PHYTODERM NOMAD 200ML,34.89,17.98,03/09,30/09,HIGIENE CORPORAL,5756,0,,
47161,DESOD BODY SPLASH PHYTODERM VICTORY 200ML,34.89,17.98,03/09,30/09,HIGIENE CORPORAL,5756,1,,
47181,KIT NIELY OLEO DE LINHACA SH + COND,27.69,19.98,18/09,18/10,CUIDADOS COM O CABELO,1566,0,,
47204,DESOD AERO OLD SPICE VIP 150G,33.89,29.98,16/09,16/10,HIGIENE CORPORAL,5435,0,,
47205,ESC DENT ORAL-B CLEAN 123 C/4,15.39,13.99,21/08,20/09,CUIDADOS BUCAL,0,1,,
47279,DEO COL PHYTODERM AGUAS ACONCHEGO 250ML,23.59,10.98,03/09,30/09,PERFUMARIA,634,1,,
47280,DEO COL PHYTODERM AGUAS ALFAZEMA 250ML,23.59,10.98,03/09,30/09,PERFUMARIA,634,0,,
47281,DEO COL PHYTODERM AGUAS CARINHO 250ML,23.59,10.98,03/09,30/09,PERFUMARIA,634,0,,
47282,DEO COL PHYTODERM AGUAS ROMANTICA 250ML,23.59,10.98,03/09,30/09,PERFUMARIA,634,0,,
47283,DESOD BODY SPLASH PHYTODERM MISS ROSE 200ML,34.89,17.98,03/09,30/09,HIGIENE CORPORAL,5756,0,,
47314,DESOD AERO REXONA MEN EXTREME 150ML,16.99,16.99,16/09,30/10,HIGIENE CORPORAL,1489,0,,
47332,COND PALMOLIVE BOND REPAIR 350G,12.89,7.90,09/09,30/09,CUIDADOS COM O CABELO,1401,0,,
47335,ESC DENT COLGATE INF HARRY POTTER C/2,36.29,17.90,16/09,30/09,CUIDADOS BUCAL,0,1,,
47337,ESC DENT COLGATE HARRY POTTER C/2,43.29,17.90,16/09,30/09,CUIDADOS BUCAL,0,1,,
47338,ESC DENT COLGATE PRO SENSITIVE C/2,20.89,10.90,16/09,30/09,CUIDADOS BUCAL,0,1,,
47349,CR DENT COLGATE LUMINOUS WHITE BRILLIANTE MINT 140G,24.99,16.90,16/09,30/09,CUIDADOS BUCAL,0,1,,
47350,CR DENT COLGATE HARRY POTTER CALDEIRAO BORBULHANTE 100G,25.99,9.90,16/09,30/09,CUIDADOS BUCAL,0,1,,
47351,CR DENT COLGATE LUMINOUS WHITE COLOR CORRECT 133G,24.99,16.90,16/09,30/09,CUIDADOS BUCAL,0,1,,
47353,CR DENT COLGATE TOTAL ADVANCED FRESH 180G,18.99,16.90,16/09,30/09,CUIDADOS BUCAL,5018,0,,
47395,ANTI-SEP COLGATE PLAX MELANCIA L750P500ML,16.99,17.99,16/09,16/10,CUIDADOS BUCAL,4808,0,,
47450,ANTI-SEP COLGATE PLAX ICE INFINITY L750P500ML,24.29,17.99,16/09,16/10,CUIDADOS BUCAL,4808,0,,
115584,SH PALMOLIVE NATURALS CUIDADO ABSOLUTO 350ML,12.39,7.90,09/09,30/09,CUIDADOS COM O CABELO,1260,0,,
115592,COND PALMOLIVE CACAU 350G,12.89,7.90,09/09,30/09,CUIDADOS COM O CABELO,1401,0,,
116238,KIT SH+COND NIELY COMPRIDOS FORTE,27.69,19.98,18/09,18/10,CUIDADOS COM O CABELO,1566,0,,
116424,LEAVE-IN VITISS ARGAN 200ML,53.89,44.99,21/09,22/09,CUIDADOS COM O CABELO,40,1,,
116602,MASC VITISS MANDIOCA 1K,95.29,79.99,21/09,22/09,CUIDADOS COM O CABELO,5196,0,,
116696,LEAVE-IN VITISS MONOI TAHITI 200ML,53.89,44.99,21/09,22/09,CUIDADOS COM O CABELO,40,0,,
116726,LEAVE-IN VITISS QUERATINA 200ML,53.89,44.99,21/09,22/09,CUIDADOS COM O CABELO,40,0,,
116769,LEAVE-IN VITISS QUIABO 200ML,53.89,44.99,21/09,22/09,CUIDADOS COM O CABELO,40,0,,
116971,CR PENT SEDA BOOM TRANSICAO 295ML,13.99,11.99,17/09,17/10,CUIDADOS COM O CABELO,1369,0,,
117323,SAB LUX SUAVE TENTACAO FLORAL 85G,3.69,2.99,01/09,15/10,HIGIENE CORPORAL,128,0,,
118885,DESOD AERO NIVEA F W INV B W SEDA 150ML,15.39,13.99,16/09,30/10,HIGIENE CORPORAL,1651,0,,
118923,SH HEAD SHOULDERS DETOX 200ML,23.29,19.98,21/08,20/09,CUIDADOS COM O CABELO,1317,0,,
118940,SH PANTENE FORCA RECONSTRUCAO 175ML,21.99,12.99,18/09,18/10,CUIDADOS COM O CABELO,2965,0,,
120855,TIPS KISS LONGO 144PS11BR,61.59,9.99,15/09,15/10,HIGIENE CORPORAL,0,1,,
123064,CURVADOR DE CILIOS RICCA 948,14.99,9.99,15/09,15/10,MAQUIAGENS / ACESSORIOS,0,1,,
123382,SH SEDA BABOSA 325ML,16.49,12.99,17/09,17/10,CUIDADOS COM O CABELO,2475,0,,
123390,COND SEDA BABOSA E OLEOS 325ML,17.59,13.99,17/09,17/10,CUIDADOS COM O CABELO,2477,0,,
123412,CR PENT SEDA BABOSA E OLEOS 300ML,13.99,11.99,17/09,17/10,CUIDADOS COM O CABELO,1369,0,,
126640,SAB LUX SUAVE LAVANDA 85G,3.69,2.99,01/09,15/10,HIGIENE CORPORAL,128,1,,
126659,SAB LUX SUAVE BOUQUE JASMIM 85G,3.69,2.99,01/09,15/10,HIGIENE CORPORAL,128,0,,
126667,SAB LUX SUAVE FLOR DE BAUNILHA 85G,3.69,2.99,01/09,15/10,HIGIENE CORPORAL,128,0,,
126675,SAB LUX SUAVE FLOR DE LOTUS 85G,3.69,2.99,01/09,15/10,HIGIENE CORPORAL,128,0,,
126683,SAB LUX SUAVE LIRIO AZUL 85G,3.69,2.99,01/09,15/10,HIGIENE CORPORAL,128,0,,
126691,SAB LUX SUAVE ORQUIDEA NEGRA 85G,3.69,2.99,01/09,15/10,HIGIENE CORPORAL,128,0,,
126705,SAB LUX SUAVE ROSAS FRANCESAS 85G,3.69,2.99,01/09,15/10,HIGIENE CORPORAL,128,0,,
126713,SAB LUX SUAVE FLOR DE VERBENA 85G,3.69,2.99,01/09,15/10,HIGIENE CORPORAL,128,0,,
127191,KIT ENGLISH LAVENDER COL+SAB,81.59,69.98,11/09,11/10,PERFUMARIA,0,1,,
134570,KIT PANTENE RECONSTRUCAO SH+COND,49.29,39.98,01/09,30/09,CUIDADOS COM O CABELO,3048,0,,
137561,KIT SKALA MANGA SH+COND,19.49,17.99,05/09,30/09,CUIDADOS COM O CABELO,2946,0,,
137570,KIT SKALA MARACUJA SH+COND,19.49,17.99,05/09,30/09,CUIDADOS COM O CABELO,2946,0,,
137588,KIT SKALA CAJU SH+COND,19.49,17.99,05/09,30/09,CUIDADOS COM O CABELO,2946,0,,
137596,CR TRAT SKALA MANGA E CASTANHA 1K,14.89,13.99,04/09,30/09,CUIDADOS COM O CABELO,1434,0,,
137600,CR TRAT SKALA CAJU 1K,14.89,13.99,04/09,30/09,CUIDADOS COM O CABELO,1434,0,,
137618,CR TRAT SKALA MARACUJA 1K,14.89,13.99,04/09,30/09,CUIDADOS COM O CABELO,1434,0,,
138835,DESOD AERO REXONA WOMAN ERVA DOCE 150ML,18.79,16.99,16/09,30/10,HIGIENE CORPORAL,1489,0,,
144894,SH PALMOLIVE BRILHO FASCINANTE 350ML,12.39,7.90,09/09,30/09,CUIDADOS COM O CABELO,1260,0,,
144908,SH PALMOLIVE HIDRATACAO INTENSA 350ML,12.39,7.90,09/09,30/09,CUIDADOS COM O CABELO,1260,0,,
144916,COND PALMOLIVE BRILHO FASCINANTE 325ML,12.89,7.90,09/09,30/09,CUIDADOS COM O CABELO,1401,0,,
146340,KIT PANTENE MICELLAR SH+COND,49.29,39.98,01/09,30/09,CUIDADOS COM O CABELO,3048,0,,
146358,SH PANTENE MICELLAR  200ML,21.99,12.99,18/09,18/10,CUIDADOS COM O CABELO,2965,0,,
146706,SH SEDA MICELAR 325ML,16.49,12.99,17/09,17/10,CUIDADOS COM O CABELO,2475,0,,
146714,COND SEDA MICELAR 325ML,17.59,13.99,17/09,17/10,CUIDADOS COM O CABELO,2477,0,,
154784,CORRETIVO RK SUPER MATTE MARFIM,21.39,10.69,05/08,31/10,MAQUIAGENS / ACESSORIOS,380,1,,
155969,DESOD AERO REXONA UNISSEX NOW 150ML,18.79,16.99,16/09,30/10,HIGIENE CORPORAL,1489,0,,
160687,KIT NIELY AGUA DE COCO SH + COND,27.69,19.98,18/09,18/10,CUIDADOS COM O CABELO,1566,0,,
163031,KIT SKALA BABOSA SH+COND,19.49,17.99,05/09,30/09,CUIDADOS COM O CABELO,2946,0,,
163937,DESOD AERO REXONA WOMEM FRUT VERM 150ML,18.79,16.99,16/09,30/10,HIGIENE CORPORAL,1489,0,,
164860,COND PALMOLIVE PITAYA 350G,12.89,7.90,09/09,30/09,CUIDADOS COM O CABELO,1401,0,,
164879,SH PALMOLIVE PITAYA 350ML,12.39,7.90,09/09,30/09,CUIDADOS COM O CABELO,1260,0,,
166626,KIT SKALA AMIDO DE MILHO SH+COND,19.49,17.99,05/09,30/09,CUIDADOS COM O CABELO,2946,0,,
170143,LENCO JOHNSONS BABY LIMPEZA E SUAVIDADE 44UND,18.29,14.99,01/09,15/10,INFANTIS,0,1,,
170518,BTX HAIR FLY TANOX ALISA+MAIS 200G,29.99,24.99,24/08,23/09,CUIDADOS COM O CABELO,2610,0,,
170550,MASC HASKELL QUINA ROSA 900G,101.99,84.99,15/09,27/09,CUIDADOS COM O CABELO,4907,0,,
171247,DESOD AERO NIVEA F W DRY FRESH 150ML,15.39,13.99,16/09,30/10,HIGIENE CORPORAL,1651,0,,
171255,DESOD AERO NIVEA F M DRY FRESH 150ML,15.39,13.99,16/09,30/10,HIGIENE CORPORAL,1651,0,,
181803,KIT SKALA OLEO COCO SH+COND,19.49,17.99,05/09,30/09,CUIDADOS COM O CABELO,2946,0,,
181811,KIT SKALA CRESPO DIVINO SH+COND,19.49,17.99,05/09,30/09,CUIDADOS COM O CABELO,2946,0,,
189278,SPRAY FIX NEEZ LINE FIN PRE PRANC 300ML,35.99,19.98,29/05,31/07,CUIDADOS COM O CABELO,0,1,,
190233,CR TRAT SKALA CAFE VERDE 1K,14.89,13.99,04/09,30/09,CUIDADOS COM O CABELO,1434,0,,
190870,CR TRAT SKALA DONA SKALA 1K,14.89,13.99,04/09,30/09,CUIDADOS COM O CABELO,1434,0,,
194212,TRAT ALFAPARF SOS EMERG 13ML,22.69,18.99,08/09,15/10,CUIDADOS COM O CABELO,0,1,,
194506,SH PALMOLIVE NATURALS DETOX ENERGIZANTE 350ML,12.39,7.90,09/09,30/09,CUIDADOS COM O CABELO,1260,0,,
194514,COND PALMOLIVE NATURALS DETOX ENERGIZANTE 350ML,12.89,7.90,09/09,30/09,CUIDADOS COM O CABELO,1401,0,,
194646,DEO COL SPLASH PHYT INTENSE LOVE 200ML,37.39,10.98,03/09,30/09,PERFUMARIA,633,0,,
194654,DEO COL SPLASH PHYT PUR SECRET 200ML,37.39,10.98,03/09,30/09,PERFUMARIA,633,0,,
194662,DEO COL SPLASH PHYT SEXY GIRL 200ML,37.39,10.98,03/09,30/09,PERFUMARIA,633,1,,
194670,DEO COL SPLASH PHYT VANILLA KISS 200ML,37.39,10.98,03/09,30/09,PERFUMARIA,633,0,,
194689,DEO COL PHYTODERM AGUAS APAIXONADA 250ML,23.59,10.98,03/09,30/09,PERFUMARIA,634,0,,
194697,DEO COL PHYTODERM AGUAS LAVANDA 250ML,23.59,10.98,03/09,30/09,PERFUMARIA,634,0,,
194700,DEO COL PHYTODERM AGUAS SENSUAL 250ML,23.59,10.98,03/09,30/09,PERFUMARIA,634,0,,
194719,DEO COL PHYTODERM AGUAS ADORADA 250ML,23.59,10.98,03/09,30/09,PERFUMARIA,634,0,,
195090,KIT SKALA MACA VERDE E MALVA SH+COND,19.49,17.99,05/09,30/09,CUIDADOS COM O CABELO,2946,0,,
195103,KIT SKALA PITAYA E VERBENA SH+COND,19.49,17.99,05/09,30/09,CUIDADOS COM O CABELO,2946,0,,
195111,KIT SKALA TANGERINA E GENGIBRE SH+COND,19.49,17.99,05/09,30/09,CUIDADOS COM O CABELO,2946,0,,
195120,KIT SKALA LIMAO SICIL CAP SANTO SH+COND,19.49,17.99,05/09,30/09,CUIDADOS COM O CABELO,2946,0,,
195383,PALETA DE METAL BELLIZ 1826,25.79,9.99,15/09,15/10,MAQUIAGENS / ACESSORIOS,0,1,,
195537,CR TRAT SKALA TANGERINA 1K,14.89,13.99,04/09,30/09,CUIDADOS COM O CABELO,1434,0,,
195979,UNHAS BELLIZ FRANCESINHA EXPRESS 120UND,48.89,9.99,15/09,15/10,HIGIENE CORPORAL,0,1,,
197211,SH LOLA BENDITA GHEE ABACAXI 250ML,39.89,29.98,01/09,15/10,CUIDADOS COM O CABELO,3223,0,,
197220,SH LOLA BENDITA GHEE RECONSTRUCAO 250ML,39.89,29.98,01/09,15/10,CUIDADOS COM O CABELO,3223,0,,
197238,SH LOLA BENDITA GHEE HIDRATACAO 250ML,39.89,29.98,01/09,15/10,CUIDADOS COM O CABELO,3223,1,,
198021,SH SEDA BOMBA E COCO 325ML,16.49,12.99,17/09,17/10,CUIDADOS COM O CABELO,2475,0,,
198030,COND SEDA BOMBA E COCO 325ML,17.59,13.99,17/09,17/10,CUIDADOS COM O CABELO,2477,0,,
198048,COND PALMOLIVE COCO CACHEADO 350G,12.89,7.90,09/09,30/09,CUIDADOS COM O CABELO,1401,0,,
198056,SH PALMOLIVE COCO CACHEADO 350ML,12.39,7.90,09/09,30/09,CUIDADOS COM O CABELO,1260,0,,
198366,MASC VITISS ANDIROBA 1K,95.29,79.99,21/09,22/09,CUIDADOS COM O CABELO,5196,0,,
198854,ESM HITS GEL GLITTER TORONTO 8ML,9.99,7.99,10/09,10/10,HIGIENE CORPORAL,3171,0,,
198862,ESM HITS GEL PEROL GOOD VIBES 8ML,9.99,7.99,10/09,10/10,HIGIENE CORPORAL,3171,0,,
198870,ESM HITS GEL PEROL RIR SEM PARAR 8ML,9.99,7.99,10/09,10/10,HIGIENE CORPORAL,3171,0,,
198889,ESM HITS GEL CR AMOR PLATONICO 8ML,9.99,7.99,10/09,10/10,HIGIENE CORPORAL,3171,0,,
198897,ESM HITS GEL GLITTER ATENAS 8ML,9.99,7.99,10/09,10/10,HIGIENE CORPORAL,3171,0,,
198935,ESM HITS GEL CR PAIXAO ANTIGA  8ML,9.99,7.99,10/09,10/10,HIGIENE CORPORAL,3171,0,,
198943,ESM HITS GEL CR TO DE OLHO 8ML,9.99,7.99,10/09,10/10,HIGIENE CORPORAL,3171,0,,
198951,ESM HITS GEL CR SURPRESA BOA 8ML,9.99,7.99,10/09,10/10,HIGIENE CORPORAL,3171,0,,
198960,ESM HITS GEL CR BEIJO QUE COLA 8ML,9.99,7.99,10/09,10/10,HIGIENE CORPORAL,3171,0,,
198978,ESM HITS GEL ULTRA SECANTE 8ML,9.99,7.99,10/09,10/10,HIGIENE CORPORAL,3171,0,,
198986,ESM HITS GEL CR LUA DE MEL 8ML,9.99,7.99,10/09,10/10,HIGIENE CORPORAL,3171,0,,
198994,ESM HITS GEL TOP COAT 8ML,9.99,7.99,10/09,10/10,HIGIENE CORPORAL,0,1,,
199001,ESM HITS GEL CR GIRL POWER 8ML,9.99,7.99,10/09,10/10,HIGIENE CORPORAL,3171,0,,
199010,ESM HITS GEL CR #TBT 8ML,9.99,7.99,10/09,10/10,HIGIENE CORPORAL,3171,0,,
199028,ESM HITS GEL CR DEU MATCH 8ML,9.99,7.99,10/09,10/10,HIGIENE CORPORAL,3171,0,,
199044,ESM HITS GEL CR DEDO DE PROSA 8ML,9.99,7.99,10/09,10/10,HIGIENE CORPORAL,3171,0,,
199052,ESM HITS GEL GLITTER BUENOS AIRES 8ML,9.99,7.99,10/09,10/10,HIGIENE CORPORAL,3171,0,,
199060,ESM HITS GEL PEROL FAZ A EGIPICIA 8ML,9.99,7.99,10/09,10/10,HIGIENE CORPORAL,3171,0,,
199079,ESM HITS GEL CR A FILA ANDA 8ML,9.99,7.99,10/09,10/10,HIGIENE CORPORAL,3171,0,,
199095,ESM HITS GEL GLITTER HONG KONG 8ML,9.99,7.99,10/09,10/10,HIGIENE CORPORAL,3171,0,,
199150,ESM HITS GEL PEROL VAI QUE COLA 8ML,9.99,7.99,10/09,10/10,HIGIENE CORPORAL,3171,0,,
199168,ESM HITS GEL GLITTER SANTIAGO 8ML,9.99,7.99,10/09,10/10,HIGIENE CORPORAL,3171,0,,
199176,ESM HITS GEL PEROL RI ALTO 8ML,9.99,7.99,10/09,10/10,HIGIENE CORPORAL,3171,0,,
199184,ESM HITS GEL PEROL CONTATINHO 8ML,9.99,7.99,10/09,10/10,HIGIENE CORPORAL,3171,0,,
199192,ESM HITS GEL CR TACA DE VINHO 8ML,9.99,7.99,10/09,10/10,HIGIENE CORPORAL,3171,0,,
199206,ESM HITS GEL GLITTER CANCUN 8ML,9.99,7.99,10/09,10/10,HIGIENE CORPORAL,3171,0,,
199214,ESM HITS GEL GLITTER MOSCOU 8ML,9.99,7.99,10/09,10/10,HIGIENE CORPORAL,3171,0,,
199222,ESM HITS GEL GLITTER BARCELONA 8ML,9.99,7.99,10/09,10/10,HIGIENE CORPORAL,3171,0,,
199230,ESM HITS GEL CR PE NO CHAO 8ML,9.99,7.99,10/09,10/10,HIGIENE CORPORAL,3171,0,,
199249,"ESM HITS GEL CR FICA, VAI TER BOLO 8ML",9.99,7.99,10/09,10/10,HIGIENE CORPORAL,3171,0,,
199257,ESM HITS GEL CR AMOR DE MAE 8ML,9.99,7.99,10/09,10/10,HIGIENE CORPORAL,3171,0,,
199265,ESM HITS GEL CR BOROGODO 8ML,9.99,7.99,10/09,10/10,HIGIENE CORPORAL,3171,0,,
199273,ESM HITS GEL PEROL FICA A DICA 8ML,9.99,7.99,10/09,10/10,HIGIENE CORPORAL,3171,0,,
199281,ESM HITS GEL CR MOZI 8ML,9.99,7.99,10/09,10/10,HIGIENE CORPORAL,3171,0,,
199290,ESM HITS GEL CR QUERO CAFE 8ML,9.99,7.99,10/09,10/10,HIGIENE CORPORAL,3171,0,,
199303,ESM HITS GEL CR AGUA NA BOCA 8ML,9.99,7.99,10/09,10/10,HIGIENE CORPORAL,3171,0,,
199311,ESM HITS GEL CR AMO VOCE 8ML,9.99,7.99,10/09,10/10,HIGIENE CORPORAL,3171,0,,
199320,ESM HITS GEL CR KEEP CALM 8ML,9.99,7.99,10/09,10/10,HIGIENE CORPORAL,3171,0,,
199338,ESM HITS GEL PEROL XO TEDIO 8ML,9.99,7.99,10/09,10/10,HIGIENE CORPORAL,3171,0,,
199346,ESM HITS GEL PEROL ABRACO DE URSO 8ML,9.99,7.99,10/09,10/10,HIGIENE CORPORAL,3171,0,,
199354,ESM HITS GEL GLITTER SEUL 8ML,9.99,7.99,10/09,10/10,HIGIENE CORPORAL,3171,0,,
199362,ESM HITS GEL GLITTER HAVANA 8ML,9.99,7.99,10/09,10/10,HIGIENE CORPORAL,3171,0,,
199370,ESM HITS GEL VERNIZ BALADA 8ML,9.99,7.99,10/09,10/10,HIGIENE CORPORAL,3171,0,,
199389,ESM HITS GEL GLITTER BERLIM 8ML,9.99,7.99,10/09,10/10,HIGIENE CORPORAL,3171,0,,
199397,ESM HITS GEL CR EITA 8ML,9.99,7.99,10/09,10/10,HIGIENE CORPORAL,3171,0,,
199400,ESM HITS GEL PEROL CAIU A FICHA 8ML,9.99,7.99,10/09,10/10,HIGIENE CORPORAL,3171,0,,
199419,ESM HITS GEL CR FALA SERIO 8ML,9.99,7.99,10/09,10/10,HIGIENE CORPORAL,3171,0,,
199435,ESM HITS GEL PEROL CHUTAR O BALDE 8ML,9.99,7.99,10/09,10/10,HIGIENE CORPORAL,3171,0,,
199443,ESM HITS GEL CR CORACAO ABERTO 8ML,9.99,7.99,10/09,10/10,HIGIENE CORPORAL,3171,0,,
199451,ESM HITS GEL GLITTER ROMA 8ML,9.99,7.99,10/09,10/10,HIGIENE CORPORAL,3171,0,,
199460,ESM HITS GEL GLITTER PARIS 8ML,9.99,7.99,10/09,10/10,HIGIENE CORPORAL,3171,0,,
199478,ESM HITS GEL GLITTER NOVA IORQUE 8ML,9.99,7.99,10/09,10/10,HIGIENE CORPORAL,3171,0,,
199486,ESM HITS GEL CR NINGUEM MERECE 8ML,9.99,7.99,10/09,10/10,HIGIENE CORPORAL,3171,0,,
199494,ESM HITS GEL GLITTER INSTAMBUL 8ML,9.99,7.99,10/09,10/10,HIGIENE CORPORAL,3171,0,,
199508,ESM HITS GEL GLITTER LISBOA 8ML,9.99,7.99,10/09,10/10,HIGIENE CORPORAL,3171,0,,
199516,ESM HITS GEL GLITTER TOQUIO 8ML,9.99,7.99,10/09,10/10,HIGIENE CORPORAL,3171,0,,
199524,ESM HITS GEL PEROL BUGUEI 8ML,9.99,7.99,10/09,10/10,HIGIENE CORPORAL,3171,0,,
199532,ESM HITS GEL GLITTER AMSTERDAM 8ML,9.99,7.99,10/09,10/10,HIGIENE CORPORAL,3171,0,,
199540,ESM HITS GEL GLITTER CARACAS 8ML,9.99,7.99,10/09,10/10,HIGIENE CORPORAL,3171,0,,
199559,"ESM HITS GEL CR BEIJO, ME LIGA 8ML",9.99,7.99,10/09,10/10,HIGIENE CORPORAL,3171,0,,
199567,ESM HITS GEL CR SELFIE 8ML,9.99,7.99,10/09,10/10,HIGIENE CORPORAL,3171,0,,
199575,ESM HITS GEL PEROL CHA DE SUMICO 8ML,9.99,7.99,10/09,10/10,HIGIENE CORPORAL,3171,0,,
199583,ESM HITS GEL CR OI SUMIDO 8ML,9.99,7.99,10/09,10/10,HIGIENE CORPORAL,3171,0,,
199591,ESM HITS GEL PEROL SHOW DE BOLA 8ML,9.99,7.99,10/09,10/10,HIGIENE CORPORAL,3171,0,,
200018,COND SEDA BAMBU E BIOTINA 325ML,17.59,13.99,17/09,17/10,CUIDADOS COM O CABELO,2477,0,,
200026,SH SEDA BAMBU E BIOTINA 325ML,16.49,12.99,17/09,17/10,CUIDADOS COM O CABELO,2475,0,,
200166,ESM HITS GEL CR SONHEI COM VOCE 8ML,9.99,7.99,10/09,10/10,HIGIENE CORPORAL,3171,0,,
677302,CR TRAT SKALA GENETIQS 1K,14.89,13.99,04/09,30/09,CUIDADOS COM O CABELO,1434,0,,
682969,ESM COLORAMA VERNIZ TAP VERMELHO 8ML,7.89,2.99,14/09,31/10,HIGIENE CORPORAL,1220,1,,
685291,ESM COLORAMA CR AMANHECER 8ML,7.89,2.99,14/09,31/10,HIGIENE CORPORAL,1220,0,,
696340,CR TRAT SKALA BANHO DE CRISTAL 1K,14.89,13.99,04/09,30/09,CUIDADOS COM O CABELO,1434,0,,
696480,CR TRAT SKALA #MAIS LISOS 1K,14.89,13.99,04/09,30/09,CUIDADOS COM O CABELO,1434,0,,
696528,CR TRAT SKALA KIDS 1K,14.89,13.99,04/09,30/09,CUIDADOS COM O CABELO,1434,0,,
696552,CR TRAT SKALA OLEO DE ARGAN 1K,14.89,13.99,04/09,30/09,CUIDADOS COM O CABELO,1434,0,,
696862,CR TRAT SKALA EXTRA CREMOSO 12EM1 1K,14.89,13.99,04/09,30/09,CUIDADOS COM O CABELO,1434,0,,
697176,SH PALMOLIVE NATURALS ANTI-ARMADO 350ML,12.39,7.90,09/09,30/09,CUIDADOS COM O CABELO,1260,0,,
697435,SH PALMOLIVE NATURALS NEUTRO 350ML,12.39,7.90,09/09,30/09,CUIDADOS COM O CABELO,1260,0,,
701890,SAB PALMOLIVE NATURALS NUTRE E HIDRATA 150G,4.99,3.99,16/09,30/10,HIGIENE CORPORAL,1327,0,,
701920,SAB PALMOLIVE NATURALS NUTRICAO INTENSIVA 150G,4.99,3.99,16/09,30/10,HIGIENE CORPORAL,1327,0,,
701963,SAB PALMOLIVE NATURALS HIDRATACAO SAUDAVEL 150G,4.99,3.99,16/09,30/10,HIGIENE CORPORAL,1327,0,,
701998,SAB PALMOLIVE NATURALS HIDRATACAO INTENSIVA 85G,3.29,2.49,16/09,30/10,HIGIENE CORPORAL,1853,0,,
702005,SAB PALMOLIVE NATURALS HIDRATACAO SAUDAVEL 85G,3.29,2.49,16/09,30/10,HIGIENE CORPORAL,1853,1,,
702439,SAB EVEN SUAVE ALOE VERA MENTA 85G,2.69,1.99,24/08,23/09,HIGIENE CORPORAL,1285,0,,
702455,SAB EVEN SUAVE ERVA DOCE ALECRIM 85G,2.69,1.99,24/08,23/09,HIGIENE CORPORAL,1285,0,,
702463,SAB EVEN SUAVE EXTRATO FLOR 85G,2.69,1.99,24/08,23/09,HIGIENE CORPORAL,1285,0,,
702498,SAB EVEN SUAVE FLOR PESSEGO 85G,2.69,1.99,24/08,23/09,HIGIENE CORPORAL,1285,0,,
702528,SAB EVEN SUAVE PITANGA ACEROLA 85G,2.69,1.99,24/08,23/09,HIGIENE CORPORAL,1285,0,,
703419,SAB JOHNSONS BABY HORA SONO 80G,7.89,5.99,01/09,15/10,HIGIENE CORPORAL,0,1,,
704709,SH PALMOLIVE CACHOS CONTROL 350ML,12.39,7.90,09/09,30/09,CUIDADOS COM O CABELO,1260,0,,
704725,SH PALMOLIVE NATURALS CERAMIDAS FORCE 350ML,12.39,7.90,09/09,30/09,CUIDADOS COM O CABELO,1260,0,,
704768,SH PALMOLIVE NATURALS ILUMINADOR PRETO 350ML,12.39,7.90,09/09,30/09,CUIDADOS COM O CABELO,1260,0,,
704873,SH PALMOLIVE NATURALS NUTRI LIS LISS 350ML,12.39,7.90,09/09,30/09,CUIDADOS COM O CABELO,1260,0,,
704938,SH PALMOLIVE QUEDA RESIST 350ML,12.39,7.90,09/09,30/09,CUIDADOS COM O CABELO,1260,0,,
704954,SH PALMOLIVE NATURALS REPARACAO GELEIA REA 350ML,12.39,7.90,09/09,30/09,CUIDADOS COM O CABELO,1260,0,,
705225,ESCOVA P CAB BELLIZ ION OVAL 296,50.59,9.99,14/09,31/10,CUIDADOS COM O CABELO,0,1,,
705233,SH PANTENE HIDRATACAO 200ML,21.99,12.99,18/09,18/10,CUIDADOS COM O CABELO,2965,0,,
709379,PENTE RICCA BABY 389,7.69,5.99,14/09,31/10,CUIDADOS COM O CABELO,0,1,,
712540,ESCOVA P CABELO PRADA PROF RACKET ALMOF,62.99,9.99,14/09,31/10,CUIDADOS COM O CABELO,0,1,,
712590,SH DOVE RECONSTRUCAO COMPLETA 200ML,22.69,9.99,12/08,30/09,CUIDADOS COM O CABELO,1475,0,,
712868,COND TRESEMME HIDRATACAO PROFUNDA 400ML,33.49,19.99,25/08,30/09,CUIDADOS COM O CABELO,1878,0,,
714291,SH HEAD SHOULDERS ANTI-COCEIRA 200ML,23.29,19.98,21/08,20/09,CUIDADOS COM O CABELO,1317,0,,
714348,SH HEAD SHOULDERS HIDRATACAO 200ML,23.29,19.98,21/08,20/09,CUIDADOS COM O CABELO,1317,0,,
714372,SH HEAD SHOULDERS HOMEM PREVENCAO QUEDA 200ML,23.29,19.98,21/08,20/09,CUIDADOS COM O CABELO,1317,0,,
714445,SH HEAD SHOULDERS MENTHA REFRESCANTE 200ML,23.29,19.98,21/08,20/09,CUIDADOS COM O CABELO,1317,0,,
717614,SAB PALMOLIVE SUAVE IOG FRUT 150G,4.99,3.99,16/09,30/10,HIGIENE CORPORAL,1327,0,,
717720,SAB PALMOLIVE NATURALS NUTRICAO CREMOSA 150G,4.99,3.99,16/09,30/10,HIGIENE CORPORAL,1327,0,,
718440,CR TRAT SKALA #MAIS CRESPOS  1K,14.89,13.99,04/09,30/09,CUIDADOS COM O CABELO,1434,0,,
721069,DESOD AERO REXONA ADVENTURE 105ML,18.79,16.99,16/09,30/10,HIGIENE CORPORAL,1489,0,,
721131,DESOD AERO REXONA SUPERHERO 175ML,18.79,16.99,16/09,30/10,HIGIENE CORPORAL,1489,0,,
721476,DESOD AERO REXONA CRYSTAL 105ML,18.79,16.99,16/09,30/10,HIGIENE CORPORAL,1489,0,,
721565,DESOD AERO REXONA MEN POWDER 105ML,18.79,16.99,16/09,30/10,HIGIENE CORPORAL,1489,0,,
725544,COND PALMOLIVE NATURALS MACIEZ PROLONGADA 350ML,12.89,7.90,09/09,30/09,CUIDADOS COM O CABELO,1401,1,,
725838,COND PALMOLIVE NATURALS NEUTRO 350ML,12.89,7.90,09/09,30/09,CUIDADOS COM O CABELO,1401,0,,
725862,COND PALMOLIVE NATURALS NUTRI -LIS 350ML,12.89,7.90,09/09,30/09,CUIDADOS COM O CABELO,1401,0,,
728578,CR ALIS HAIR FLY FLORES 80G,11.89,9.99,24/08,23/09,CUIDADOS COM O CABELO,1386,0,,
728675,CR PENT SEDA CACHOS COMPORTADOS 300ML,13.99,11.99,17/09,17/10,CUIDADOS COM O CABELO,1369,1,,
728691,CR PENT SEDA CERAMIDAS 300ML,13.99,11.99,17/09,17/10,CUIDADOS COM O CABELO,1369,0,,
728934,CR ALIS HAIR FLY CHOCOLATE 80G,11.89,9.99,24/08,23/09,CUIDADOS COM O CABELO,1386,0,,
728950,CR ALIS HAIR FLY ESSENCIA DE ERVAS 80G,11.89,9.99,24/08,23/09,CUIDADOS COM O CABELO,1386,0,,
728977,CR ALIS HAIR FLY FLORES 80G,11.89,9.99,24/08,23/09,CUIDADOS COM O CABELO,1386,0,,
728993,CR ALIS HAIR FLY MEL LANOLINA 80G,11.89,9.99,24/08,23/09,CUIDADOS COM O CABELO,1386,0,,
729086,CR ALIS HAIR FLY QUERATINA 80G,11.89,9.99,24/08,23/09,CUIDADOS COM O CABELO,1386,0,,
731048,DESOD AERO REXONA MEN ANTIBACTERIANO INVISIBLE 150ML,18.79,16.99,16/09,30/10,HIGIENE CORPORAL,1489,0,,
731056,DESOD AERO REXONA MEN SPORTFAN 90GR,18.79,16.99,16/09,30/10,HIGIENE CORPORAL,1489,0,,
731390,DESOD CR HERBISSIMO FRESH 55G,8.39,5.90,14/09,14/10,HIGIENE CORPORAL,1471,0,,
732702,DEO COL CHEIRINHO DE BEBE LAVANDIT 750ML,84.59,74.99,16/09,30/10,PERFUMARIA,1450,0,,
732761,CR ALIS HAIR FLY CHOCOLATE 80G,11.89,9.99,24/08,23/09,CUIDADOS COM O CABELO,1386,0,,
732788,CR ALIS HAIR FLY ERVAS 80G,11.89,9.99,24/08,23/09,CUIDADOS COM O CABELO,1386,0,,
732869,CR ALIS HAIR FLY MEL 80G,11.89,9.99,24/08,23/09,CUIDADOS COM O CABELO,1386,1,,
737461,COND PALMOLIVE NATURALS CERAMIDAS FORCE 350ML,12.89,7.90,09/09,30/09,CUIDADOS COM O CABELO,1401,0,,
738441,DESOD CR HERBISSIMO SENSITIVE 55G,8.39,5.90,14/09,14/10,HIGIENE CORPORAL,1471,0,,
746479,CR PENT SEDA LISO PERFEITO 300G,13.99,11.99,17/09,17/10,CUIDADOS COM O CABELO,1369,0,,
746533,CR PENT SEDA PRETO LUMINOSOS 300ML,13.99,11.99,17/09,17/10,CUIDADOS COM O CABELO,1369,0,,
748978,HID PANTENE CACHOS 270ML,48.69,29.97,29/08,28/09,CUIDADOS COM O CABELO,5527,0,,
749044,HID PANTENE LISO EXTREMO 270ML,48.69,29.97,29/08,28/09,CUIDADOS COM O CABELO,5527,1,,
749060,HID PANTENE HIDRATACAO 270ML,48.69,29.97,29/08,28/09,CUIDADOS COM O CABELO,5527,0,,
749583,CR TRAT SKALA ABACATE 1K,14.89,13.99,04/09,30/09,CUIDADOS COM O CABELO,1434,0,,
749591,CR TRAT SKALA ARGILA BRANCA 1K,14.89,13.99,04/09,30/09,CUIDADOS COM O CABELO,1434,0,,
749630,CR TRAT SKALA CERAMIDAS 1K,14.89,13.99,04/09,30/09,CUIDADOS COM O CABELO,1434,0,,
749656,CR TRAT SKALA COQUETEL DE FRUTAS 1K,14.89,13.99,04/09,30/09,CUIDADOS COM O CABELO,1434,0,,
749761,CR TRAT SKALA GOLD ADVA 1K,14.89,13.99,04/09,30/09,CUIDADOS COM O CABELO,1434,0,,
749770,CR TRAT SKALA BABOSA 1K,14.89,13.99,04/09,30/09,CUIDADOS COM O CABELO,1434,0,,
749796,CR TRAT SKALA JABORANDI 1K,14.89,13.99,04/09,30/09,CUIDADOS COM O CABELO,1434,0,,
749818,CR TRAT SKALA VINAGRE DE MACA 1K,14.89,13.99,04/09,30/09,CUIDADOS COM O CABELO,1434,0,,
749834,CR TRAT SKALA LAMA NEGRA 1K,14.89,13.99,04/09,30/09,CUIDADOS COM O CABELO,1434,0,,
749869,CR TRAT SKALA LEITE VEGETAL 1K,14.89,13.99,04/09,30/09,CUIDADOS COM O CABELO,1434,0,,
749893,CR TRAT SKALA MANTEIGA KARITE 1K,14.89,13.99,04/09,30/09,CUIDADOS COM O CABELO,1434,0,,
753629,DEO COL CHEIRINHO DE BEBE AZUL 750ML,84.59,74.99,16/09,30/10,PERFUMARIA,1450,0,,
753653,DEO COL CHEIRINHO DE BEBE 750ML,84.59,74.99,16/09,30/10,PERFUMARIA,1450,1,,
754706,ANTI-SEP COLGATE PLAX FRESH MINT L500P350ML,23.29,16.99,18/09,18/10,CUIDADOS BUCAL,1455,1,,
754820,ANTI-SEP COLGATE PLAX ICE L500P350ML,23.29,16.99,18/09,18/10,CUIDADOS BUCAL,1455,0,,
755117,ANTI-SEP COLGATE PLAX CLASSIC 250ML,17.29,12.99,18/09,18/10,CUIDADOS BUCAL,1458,0,,
755125,ANTI-SEP COLGATE PLAX CLASSIC L500P350ML,23.29,16.99,18/09,18/10,CUIDADOS BUCAL,1455,0,,
755249,ANTI-SEP COLGATE PLAX FRESH MINT 250ML,17.29,12.99,18/09,18/10,CUIDADOS BUCAL,1458,1,,
755508,ANTI-SEP COLGATE PLAX ICE 250ML,17.29,12.99,18/09,18/10,CUIDADOS BUCAL,1458,0,,
755613,ANTI-SEP COLGATE PLAX SOF MIN L500P350ML,23.29,16.99,18/09,18/10,CUIDADOS BUCAL,1455,0,,
755982,CR PENT SEDA CRESCIMENTO 300ML,13.99,11.99,17/09,17/10,CUIDADOS COM O CABELO,1369,0,,
756180,ANTI-SEP ORAL-B HORT L500P300ML,28.29,21.99,01/09,15/10,CUIDADOS BUCAL,3683,1,,
756318,ANTI-SEP ORAL-B COMPL MENTA L500P300ML,28.29,21.99,01/09,15/10,CUIDADOS BUCAL,3683,0,,
758841,ABS ALWAYS BASICO SECA S ABAS 8UND,6.49,3.99,01/09,15/10,HIGIENE CORPORAL,1469,0,,
758965,ABS ALWAYS BASICO SUAVE S ABAS 8UN,6.49,3.99,01/09,15/10,HIGIENE CORPORAL,1469,0,,
758990,ABS ALWAYS BASICO SUAVE C ABAS 8UN,6.49,3.99,01/09,15/10,HIGIENE CORPORAL,1469,0,,
759384,DESOD CR HERBISSIMO ACTION 55G,8.39,5.90,14/09,14/10,HIGIENE CORPORAL,1471,0,,
759406,DESOD CR HERBISSIMO TALCO 55G,8.39,5.90,14/09,14/10,HIGIENE CORPORAL,1471,0,,
759457,COND TRESEMME LISO KERATINA 400ML,33.49,19.99,25/08,30/09,CUIDADOS COM O CABELO,1878,0,,
759465,DESOD CR HERBISSIMO NEUTRO 55G,8.39,5.90,14/09,14/10,HIGIENE CORPORAL,1471,0,,
759546,COND TRESEMME RECONSTRUCAO 400ML,33.49,19.99,25/08,30/09,CUIDADOS COM O CABELO,1878,0,,
759554,DESOD CR HERBISSIMO TRADICIONAL 55G,8.39,5.90,14/09,14/10,HIGIENE CORPORAL,1471,1,,
759937,AGUA OXIG OXICREME YAMA VOL20 900ML,30.49,27.99,21/09,22/09,CUIDADOS COM O CABELO,1473,0,,
760021,AGUA OXIG OXICREME YAMA VOL30 900ML,30.49,27.99,21/09,22/09,CUIDADOS COM O CABELO,1473,1,,
760242,AGUA OXIG OXICREME YAMA VOL40 900ML,30.49,27.99,21/09,22/09,CUIDADOS COM O CABELO,1473,0,,
760560,SH DOVE CONTROLE DE QUEDA 200ML,22.69,9.99,12/08,30/09,CUIDADOS COM O CABELO,1475,0,,
760919,SH DOVE NUTRICAO + TRI OLEOS 200ML,22.69,9.99,12/08,30/09,CUIDADOS COM O CABELO,1475,0,,
762857,COND DOVE CONTROLE DE QUEDA 200ML,26.99,9.99,12/08,30/09,CUIDADOS COM O CABELO,1480,0,,
763080,COND DOVE RECONSTRUCAO COMPLETA 200ML,26.99,9.99,12/08,30/09,CUIDADOS COM O CABELO,1480,0,,
763152,COND DOVE OLEO NUTRICAO 200ML,26.99,9.99,12/08,30/09,CUIDADOS COM O CABELO,1480,0,,
763314,AP BARB GILLETTE MACH3 REG BA,41.59,19.99,15/09,15/10,HIGIENE CORPORAL,0,1,,
763330,AP BARB GILLETTE MACH3 SENSITIVE,41.99,19.99,15/09,15/10,HIGIENE CORPORAL,0,1,,
764124,DESOD AERO DOVE ORIGINAL 150ML,21.29,18.99,16/09,30/10,HIGIENE CORPORAL,1484,1,,
764175,DESOD AERO DOVE BEAUTY FINISH 150ML,21.29,18.99,16/09,30/10,HIGIENE CORPORAL,1484,0,,
764329,DESOD AERO DOVE GO FRESH PEPINO 150ML,21.29,18.99,16/09,30/10,HIGIENE CORPORAL,1484,0,,
764370,DESOD AERO DOVE HAIR MINIMISING 150ML,21.29,18.99,16/09,30/10,HIGIENE CORPORAL,1484,0,,
764418,DESOD AERO DOVE INVISIBLE DRY 150ML,21.29,18.99,16/09,30/10,HIGIENE CORPORAL,1484,0,,
764450,DESOD AERO DOVE MEN CLEAN CONFORT 150ML,21.29,18.99,16/09,30/10,HIGIENE CORPORAL,1484,0,,
764485,DESOD AERO DOVE MEN SPORTS ACTIVE FRESH 150ML,21.29,18.99,16/09,30/10,HIGIENE CORPORAL,1484,0,,
765406,DESOD AERO NIVEA SENSITIVE 150ML,15.39,13.99,16/09,30/10,HIGIENE CORPORAL,1651,0,,
765449,DESOD AERO NIVEA F M DRY SILVER 150ML,15.39,13.99,16/09,30/10,HIGIENE CORPORAL,1651,0,,
765490,DESOD AERO NIVEA F M DEEP CARVAO ATIVADO 150ML,15.39,13.99,16/09,30/10,HIGIENE CORPORAL,1651,0,,
765597,DESOD AERO REXONA MEN INVISIB 150ML,18.79,16.99,16/09,30/10,HIGIENE CORPORAL,1489,0,,
765880,DESOD AERO NIVEA F M COOL KICK 150ML,15.39,13.99,16/09,30/10,HIGIENE CORPORAL,1651,0,,
765945,DESOD AERO NIVEA F W MILK FRESH 150ML,15.39,13.99,16/09,30/10,HIGIENE CORPORAL,1651,0,,
765961,DESOD AERO NIVEA DOUBLE EFFECT SEN 150ML,15.39,13.99,16/09,30/10,HIGIENE CORPORAL,1651,0,,
765996,DESOD AERO NIVEA F M DRY IMPACTO 150ML,15.39,13.99,16/09,30/10,HIGIENE CORPORAL,1651,0,,
766046,DESOD AERO NIVEA MEN DRY IMPACTO 150ML,15.39,13.99,16/09,30/10,HIGIENE CORPORAL,1651,0,,
766100,DESOD AERO NIVEA F W DRY COMFORT 150ML,15.39,13.99,16/09,30/10,HIGIENE CORPORAL,1651,0,,
766178,DESOD AERO NIVEA F M FRESH ACTIVE 150ML,15.39,13.99,16/09,30/10,HIGIENE CORPORAL,1651,0,,
766232,DESOD AERO NIVEA FRESH BCO 150ML,15.39,13.99,16/09,30/10,HIGIENE CORPORAL,1651,0,,
766259,DESOD AERO NIVEA F W FRESH NATURAL 150ML,15.39,13.99,16/09,30/10,HIGIENE CORPORAL,1651,0,,
766410,DESOD AERO NIVEA F W INV B W CLEAR 150ML,15.39,13.99,16/09,30/10,HIGIENE CORPORAL,1651,0,,
766526,DESOD AERO NIVEA F M INV B W POWER 150ML,15.39,13.99,16/09,30/10,HIGIENE CORPORAL,1651,1,,
766658,DESOD AERO NIVEA F W PEARL BEAUTY 150ML,15.39,13.99,16/09,30/10,HIGIENE CORPORAL,1651,0,,
766763,DESOD AERO NIVEA PURE INVISIBLE 150ML,15.39,13.99,16/09,30/10,HIGIENE CORPORAL,1651,0,,
766798,DESOD AERO NIVEA SENSITIVE 150ML,15.39,13.99,16/09,30/10,HIGIENE CORPORAL,1651,0,,
768669,KIT NIELY LISO PLENO SH + COND,27.69,19.98,18/09,18/10,CUIDADOS COM O CABELO,1566,0,,
768685,KIT NIELY POS QUIMICA SH + COND,27.69,19.98,18/09,18/10,CUIDADOS COM O CABELO,1566,1,,
787884,ALICATE MUNDIAL CLASSIC 522,30.99,23.99,09/09,15/10,HIGIENE CORPORAL,0,1,,
788899,ABS ALWAYS BASICO SECA C ABAS 8UND,6.49,3.99,01/09,15/10,HIGIENE CORPORAL,1469,1,,
789410,KIT SH+COND NIELY AFRO CACHEADOS,27.69,19.98,18/09,18/10,CUIDADOS COM O CABELO,1566,0,,
789437,KIT SH+COND NIELY AFRO LISOS,27.69,19.98,18/09,18/10,CUIDADOS COM O CABELO,1566,0,,
789569,KIT SH+COND NIELY CONTROLE DE QUEDA,27.69,19.98,18/09,18/10,CUIDADOS COM O CABELO,1566,0,,
789607,KIT SH+COND NIELY EXTRA BRILHO,27.69,19.98,18/09,18/10,CUIDADOS COM O CABELO,1566,0,,
789631,KIT SH+COND NIELY FOR MEN,27.69,19.98,18/09,18/10,CUIDADOS COM O CABELO,1566,0,,
789658,KIT SH+COND NIELY REPARACAO INTENSIVA,27.69,19.98,18/09,18/10,CUIDADOS COM O CABELO,1566,0,,
794244,COND PALMOLIVE CACHOS LIVRES 350G,12.89,7.90,09/09,30/09,CUIDADOS COM O CABELO,1401,0,,
794341,COND PALMOLIVE NATURALS ILUMINADOR PRETO 350ML,12.89,7.90,09/09,30/09,CUIDADOS COM O CABELO,1401,0,,
794490,COND PALMOLIVE QUEDA RESIST 350ML,12.89,7.90,09/09,30/09,CUIDADOS COM O CABELO,1401,0,,
794503,COND PALMOLIVE NATURALS REPARACAO GELEIA REAL 350ML,12.89,7.90,09/09,30/09,CUIDADOS COM O CABELO,1401,0,,
794511,COND PALMOLIVE NATRUALS ANTI ARMARD 350ML,12.89,7.90,09/09,30/09,CUIDADOS COM O CABELO,1401,0,,
801097,SH TRESEMME HIDRATACAO PROFUNDA 400ML,33.39,19.99,25/08,30/09,CUIDADOS COM O CABELO,1593,0,,
801100,SH TRESEMME LISO KERATINA 400ML,33.39,19.99,25/08,30/09,CUIDADOS COM O CABELO,1593,0,,
804452,SAB PALMOLIVE NAT ROMA 85G,3.29,2.49,16/09,30/10,HIGIENE CORPORAL,1853,0,,
804797,SAB EVEN SUAVE ALGAS MARINHAS 85G,2.69,1.99,24/08,23/09,HIGIENE CORPORAL,1285,0,,
806560,SH TRESEMME RECONSTRUCAO 400ML,33.39,19.99,25/08,30/09,CUIDADOS COM O CABELO,1593,0,,
814903,CR DENT EVEN JUA HORTELA 50G,2.39,1.99,18/09,15/10,CUIDADOS BUCAL,0,1,,
816221,DESOD AERO REXONA MEN EXTRA COOL 90GR,18.79,16.99,16/09,30/10,HIGIENE CORPORAL,1489,0,,
817554,COND DARLING TILIA 350ML,10.79,7.90,27/08,30/09,CUIDADOS COM O CABELO,5127,1,,
819611,DESOD AERO DOVE MEN SEM PERFUME 150ML,21.29,18.99,16/09,30/10,HIGIENE CORPORAL,1484,0,,
819670,DESOD AERO NIVEA F W TOM NATURAL 150ML,15.39,13.99,16/09,30/10,HIGIENE CORPORAL,1651,0,,
819697,DESOD AERO NIVEA F M SENSITIVE 150ML,15.39,13.99,16/09,30/10,HIGIENE CORPORAL,1651,0,,
819719,DESOD AERO NIVEA F W SEM PERFUME 150ML,15.39,13.99,16/09,30/10,HIGIENE CORPORAL,1651,0,,
819760,DESOD AERO REXONA MEN SPO 175ML 105G,18.79,16.99,16/09,30/10,HIGIENE CORPORAL,1489,0,,
819816,DESOD AERO REXONA NATURAL PROT 105G,18.79,16.99,16/09,30/10,HIGIENE CORPORAL,1489,0,,
819840,DESOD AERO REXONA POWDER 175ML+25MLGT,18.79,16.99,16/09,30/10,HIGIENE CORPORAL,1489,0,,
830976,ANTI-SEP COLGATE PLAX SOFT MINT 250ML,17.29,12.99,18/09,18/10,CUIDADOS BUCAL,1458,0,,
833525,CR TRAT TRESEMME HID PROFUNDA 400G,34.29,19.99,25/08,30/09,CUIDADOS COM O CABELO,1687,0,,
836010,SH PALMOLIVE NATURALS MACIEZ PROLONGADA 350ML,12.39,7.90,09/09,30/09,CUIDADOS COM O CABELO,1260,0,,
836044,SH PALMOLIVE POS QUIMICA 350ML,12.39,7.90,09/09,30/09,CUIDADOS COM O CABELO,1260,0,,
856550,COND PALMOLIVE POS-QUIMICA 350ML,12.89,7.90,09/09,30/09,CUIDADOS COM O CABELO,1401,0,,
857670,CR TRAT TRESEMME RECONSTRUCAO INTENSA 400G,34.29,19.99,25/08,30/09,CUIDADOS COM O CABELO,1687,0,,
861430,CR TRAT SKALA OLEO DE COCO 1K,14.89,13.99,04/09,30/09,CUIDADOS COM O CABELO,1434,0,,
872318,CURVEX MARCO BONI P CILIOS,16.29,9.99,15/09,15/10,MAQUIAGENS / ACESSORIOS,0,1,,
874078,SAB PALMOLIVE NATURALS ESFOLIACAO SUAVE 150G,4.99,3.99,16/09,30/10,HIGIENE CORPORAL,1327,0,,
875660,CR PENT SEDA KERAFORCE ORIGINAL 300ML,13.99,11.99,17/09,17/10,CUIDADOS COM O CABELO,1369,0,,
877875,PAPEL ISOLMANTA SANTA CLARA C VELC 18UND,36.99,28.99,21/09,22/09,CABELEIREIROS,0,1,,
885711,OLEO ELSEVE EXTRAORDINARIO 100ML,56.89,48.99,21/09,22/09,CUIDADOS COM O CABELO,1833,1,,
886297,TINT CR COLORE 3.0 CAST ESC 125G,11.99,9.99,24/08,23/09,CUIDADOS COM O CABELO,1838,0,,
886327,TINT CR COLORE 2.0 PRETO 125G,11.99,9.99,24/08,23/09,CUIDADOS COM O CABELO,1838,1,,
886360,TINT CR COLORE 4.0 CAST MEDIO 125G,11.99,9.99,24/08,23/09,CUIDADOS COM O CABELO,1838,0,,
886386,TINT CR COLORE 5.0 CAST CLARO 125G,11.99,9.99,24/08,23/09,CUIDADOS COM O CABELO,1838,0,,
886408,TINT CR COLORE 5.3 CAST CL DOURADO 125G,11.99,9.99,24/08,23/09,CUIDADOS COM O CABELO,1838,0,,
886416,TINT CR COLORE 6.0 LOURO ESC 125G,11.99,9.99,24/08,23/09,CUIDADOS COM O CABELO,1838,0,,
886440,TINT CR COLORE 6.7 CHOCOLATE 125G,11.99,9.99,24/08,23/09,CUIDADOS COM O CABELO,1838,0,,
886491,TINT CR COLORE 7.0 LOURO MEDIO 125G,11.99,9.99,24/08,23/09,CUIDADOS COM O CABELO,1838,0,,
886521,TINT CR COLORE 7.1 LOURO CZA MEDIO  125G,11.99,9.99,24/08,23/09,CUIDADOS COM O CABELO,1838,0,,
886530,TINT CR COLORE 7.3 LOURO MEL 125G,11.99,9.99,24/08,23/09,CUIDADOS COM O CABELO,1838,0,,
886564,TINT CR COLORE 8.0 LOURO CLARO 125G,11.99,9.99,24/08,23/09,CUIDADOS COM O CABELO,1838,0,,
886580,TINT CR COLORE 8.1 LOURO CZA CLARO 125G,11.99,9.99,24/08,23/09,CUIDADOS COM O CABELO,1838,0,,
886629,TINT CR COLORE 8.3 LOURO CL DOURADO 125G,11.99,9.99,24/08,23/09,CUIDADOS COM O CABELO,1838,0,,
886637,TINT CR COLORE 9.0 LOURO CLARISSIMO 125G,11.99,9.99,24/08,23/09,CUIDADOS COM O CABELO,1838,0,,
886653,TINT CR COLORE 10.0 LOURO ULTRA CL 125G,11.99,9.99,24/08,23/09,CUIDADOS COM O CABELO,1838,0,,
887900,DESOD AERO DOVE DERMO ACLARANT 89G,21.29,18.99,16/09,30/10,HIGIENE CORPORAL,1484,0,,
889180,ABS ALWAYS BASICO SUAVE C ABAS C 16,12.89,9.99,01/09,15/10,HIGIENE CORPORAL,1892,1,,
891860,SAB PALMOLIVE COCO E ALGODAO 85G,3.29,2.49,16/09,30/10,HIGIENE CORPORAL,1853,0,,
892580,TOUCA TERMICA SANTA CLARA 012,81.29,49.98,01/09,15/10,CABELEIREIROS,0,1,,
892769,FOLHAS DEPILART CORPORAL MEL,19.39,13.99,27/08,26/09,DEPILACAO,3209,0,,
892785,FOLHAS DEPILART CORPORAL COCO,19.39,13.99,27/08,26/09,DEPILACAO,3209,1,,
892815,FOLHAS DEPILART CORPORAL KIWI,19.39,13.99,27/08,26/09,DEPILACAO,3209,0,,
898767,COND TRESEMME PONTAS DUPLAS 400ML,33.49,19.99,25/08,30/09,CUIDADOS COM O CABELO,1878,0,,
898856,TINT CR COLORE 7.7 MARRON DOURADO,11.99,9.99,24/08,23/09,CUIDADOS COM O CABELO,1838,0,,
898864,TINT CR COLORE 1.0 PRETO AZULADO,11.99,9.99,24/08,23/09,CUIDADOS COM O CABELO,1838,0,,
901652,DESOD AERO NIVEA FW STRESS PROT 150ML,15.39,13.99,16/09,30/10,HIGIENE CORPORAL,1651,0,,
901660,DESOD AERO NIVEA F M STRESS 150ML,15.39,13.99,16/09,30/10,HIGIENE CORPORAL,1651,0,,
901946,ABS ALWAYS BASICO SECA C/ABAS C/16,12.89,9.99,01/09,15/10,HIGIENE CORPORAL,1892,0,,
903361,OLEO ELSEVE EXTRAORD GELEIA DISC 100ML,56.89,48.99,21/09,22/09,CUIDADOS COM O CABELO,1833,0,,
903370,OLEO ELSEVE EXTRAORD CAB LISOS 100ML,56.89,48.99,21/09,22/09,CUIDADOS COM O CABELO,1833,0,,
903388,OLEO ELSEVE EXTRAORD CAB RESSEC 100ML,56.89,48.99,21/09,22/09,CUIDADOS COM O CABELO,1833,0,,
905330,SH TRESEMME INFUSAO DE QUERATINA 400ML,33.39,19.99,25/08,30/09,CUIDADOS COM O CABELO,1593,0,,
905348,COND TRESEMME INFUSAO DE QUERATINA 400ML,33.49,19.99,25/08,30/09,CUIDADOS COM O CABELO,1878,0,,
910287,DESOD AERO REXONA MEN V8 150ML,18.79,16.99,16/09,30/10,HIGIENE CORPORAL,1489,0,,
910643,DESOD AERO REXONA MEN XTRA COOL 150ML,18.79,16.99,16/09,30/10,HIGIENE CORPORAL,1489,0,,
911577,SH PANTENE BRILHO EXTREMO 200ML,21.99,12.99,18/09,18/10,CUIDADOS COM O CABELO,2965,0,,
917508,KIT SH+COND NIELY REC PROFUNDA,27.69,19.98,18/09,18/10,CUIDADOS COM O CABELO,1566,0,,
918350,DESOD AERO REXONA MEN ACTIVE 150ML,18.79,16.99,16/09,30/10,HIGIENE CORPORAL,1489,0,,
924806,COND TRESEMME TRESPLEX 400ML,33.49,19.99,25/08,30/09,CUIDADOS COM O CABELO,1878,0,,
924822,SH TRESEMME TRESPLEX 400ML,33.39,19.99,25/08,30/09,CUIDADOS COM O CABELO,1593,0,,
927988,CR PENT SEDA OLEO HIDRATACAO 300ML,13.99,11.99,17/09,17/10,CUIDADOS COM O CABELO,1369,0,,
928046,CR TRAT TRESEMME TRESPLEX 400G,34.29,19.99,25/08,30/09,CUIDADOS COM O CABELO,1687,0,,
928364,SH PALMOLIVE NATURALS HIDRATACAO LUMINOSA 350ML,12.39,7.90,09/09,30/09,CUIDADOS COM O CABELO,1260,0,,
929328,SAB EVEN SUAVE MORANGO CHANTILLY 85G,2.69,1.99,24/08,23/09,HIGIENE CORPORAL,1285,1,,
929336,SAB EVEN SUAVE LIMAO CHA VERDE 85G,2.69,1.99,24/08,23/09,HIGIENE CORPORAL,1285,0,,
936243,DESOD AERO DOVE MEN INVISIBLE DRY 150ML,21.29,18.99,16/09,30/10,HIGIENE CORPORAL,1484,0,,
937428,COND PALMOLIVE OLEO ARGAN 350ML,12.89,7.90,09/09,30/09,CUIDADOS COM O CABELO,1401,0,,
946460,ESM HITS G 366 HEAVY METAL 6ML,8.99,7.99,10/09,10/10,HIGIENE CORPORAL,2492,0,,
946478,ESM HITS G 369 PROGRESSIVO 6ML,8.99,7.99,10/09,10/10,HIGIENE CORPORAL,2492,0,,
946486,ESM HITS GLITTER 370 GRUNGE 6ML,8.99,7.99,10/09,10/10,HIGIENE CORPORAL,2492,0,,
946583,ESM HITS GLITTER 669 SINTONIA 6ML,8.99,7.99,10/09,10/10,HIGIENE CORPORAL,2492,0,,
946591,ESM HITS GLITTER 680 CAMISETE 6ML,8.99,7.99,10/09,10/10,HIGIENE CORPORAL,2492,0,,
946630,ESM HITS PEROLADO 351 6ML,8.99,7.99,10/09,10/10,HIGIENE CORPORAL,2492,0,,
946737,ESM HITS PEROLADO PEDRA DO SOL 6ML,8.99,7.99,10/09,10/10,HIGIENE CORPORAL,2492,0,,
946745,ESM HITS CR BRONZEADO 6ML,9.99,7.99,10/09,10/10,HIGIENE CORPORAL,3171,0,,
946753,ESM HITS CR CALOR 6ML,9.99,7.99,10/09,10/10,HIGIENE CORPORAL,3171,0,,
946788,ESM HITS PEROLADO 352 6ML,8.99,7.99,10/09,10/10,HIGIENE CORPORAL,2492,0,,
946907,ESM HITS CR MINI SAIA 6ML,9.99,7.99,10/09,10/10,HIGIENE CORPORAL,3171,0,,
946915,ESM HITS CR DESCANSO 6ML,9.99,7.99,10/09,10/10,HIGIENE CORPORAL,3171,0,,
951544,SAB PALMOLIVE NATURALS SENSACAO LUMINOSA 85G,3.29,2.49,16/09,30/10,HIGIENE CORPORAL,1853,0,,
952478,CR PENT SEDA HIDRATACAO ANTI-NOS 300ML,13.99,11.99,17/09,17/10,CUIDADOS COM O CABELO,1369,0,,
953679,SH PALMOLIVE LONGO SEDUTOR 350ML,12.39,7.90,09/09,30/09,CUIDADOS COM O CABELO,1260,0,,
953687,COND PALMOLIVE LONGO SEDUTOR 350ML,12.89,7.90,09/09,30/09,CUIDADOS COM O CABELO,1401,0,,
953695,SAB PALMOLIVE NATURALS SEGREDO SEDUTOR 85G,3.29,2.49,16/09,30/10,HIGIENE CORPORAL,1853,0,,
953709,SAB PALMOLIVE NATURALS SEGREDO SEDUTOR 150G,4.99,3.99,16/09,30/10,HIGIENE CORPORAL,1327,0,,
957860,CR TRAT SKALA POTAO DO AMOR 1K,14.89,13.99,04/09,30/09,CUIDADOS COM O CABELO,1434,0,,
959529,DESOD AERO REXONA MEN V8 105GR+25ML,18.79,16.99,16/09,30/10,HIGIENE CORPORAL,1489,0,,
961450,ABS ALWAYS NOTURNO SECA C/16,27.39,19.98,01/09,15/10,HIGIENE CORPORAL,4141,0,,
964727,DESOD AERO REXONA MEN ANTIBACTERIAL 150ML,18.79,16.99,16/09,30/10,HIGIENE CORPORAL,1489,0,,
984868,SH TRESEMME SELAGEM CAPILAR ORIG 400ML,33.39,19.99,25/08,30/09,CUIDADOS COM O CABELO,1593,0,,
984884,COND TRESEMME SELAG CAP ORIG 400ML,33.49,19.99,25/08,30/09,CUIDADOS COM O CABELO,1878,0,,
987204,TINT CR COLORE 12.11 LOURO EXT CLARO 125G,11.99,9.99,24/08,23/09,CUIDADOS COM O CABELO,1838,0,,
989231,TINT CR COLORE 6.1LOURO CINZA MED,11.99,9.99,24/08,23/09,CUIDADOS COM O CABELO,1838,0,,
989240,TINT CR COLORE 9.1LOURO CINZA CLARO,11.99,9.99,24/08,23/09,CUIDADOS COM O CABELO,1838,0,,
989258,TINT CR COLORE 10.1 LOURO CINZA MEDIO,11.99,9.99,24/08,23/09,CUIDADOS COM O CABELO,1838,0,,
989380,ESM HITS DV IT GIRL 6ML,8.99,7.99,10/09,10/10,HIGIENE CORPORAL,2492,0,,
989398,ESM HITS DV MODERNO 6ML,8.99,7.99,10/09,10/10,HIGIENE CORPORAL,2492,0,,
989401,ESM HITS DV FASHION 6ML,8.99,7.99,10/09,10/10,HIGIENE CORPORAL,2492,0,,
989410,ESM HITS DV PATRICINHA 6ML,8.99,7.99,10/09,10/10,HIGIENE CORPORAL,2492,0,,
989428,ESM HITS DV PUNK 6ML,8.99,7.99,10/09,10/10,HIGIENE CORPORAL,2492,0,,
989436,ESM HITS DV CLASSICO 6ML,8.99,7.99,10/09,10/10,HIGIENE CORPORAL,2492,0,,
989444,ESM HITS DV CHIC 6ML,8.99,7.99,10/09,10/10,HIGIENE CORPORAL,2492,0,,
989452,ESM HITS DV CASUAL 6ML,8.99,7.99,10/09,10/10,HIGIENE CORPORAL,2492,0,,
989460,ESM HITS DV HIPPIE 6ML,8.99,7.99,10/09,10/10,HIGIENE CORPORAL,2492,0,,
989487,ESM HITS DV SEXY 6ML,8.99,7.99,10/09,10/10,HIGIENE CORPORAL,2492,0,,
989495,ESM HITS DV ROCKER 6ML,8.99,7.99,10/09,10/10,HIGIENE CORPORAL,2492,0,,
991589,CR TRAT TRESEMME SELAGEM ORIGINAL 400ML,34.29,19.99,25/08,30/09,CUIDADOS COM O CABELO,1687,0,,
995240,SH HEAD SHOULDERS MEN 3X1 200ML,23.29,19.98,21/08,20/09,CUIDADOS COM O CABELO,1317,1,,
995355,DESOD AERO NIVEA F W PROTECT CARE 150ML,15.39,13.99,16/09,30/10,HIGIENE CORPORAL,1651,0,,
996114,SH HEAD SHOULDERS MACA 200ML,23.29,19.98,21/08,20/09,CUIDADOS COM O CABELO,1317,0,,
